file,line,type,commit,author,date,time,timezone,datetime,depth,length
style.css,1,css,cba78b46,Zihan Zhang,2026-04-03,19:34:40,-07:00,2026-04-03T19:34:40-07:00,0,4
style.css,2,css,cba78b46,Zihan Zhang,2026-04-03,19:34:40,-07:00,2026-04-03T19:34:40-07:00,1,23
style.css,3,css,41d31085,Zihan Zhang,2026-04-24,21:58:33,-07:00,2026-04-24T21:58:33-07:00,1,15
style.css,4,css,de5dc535,Zihan Zhang,2026-04-10,18:47:08,-07:00,2026-04-10T18:47:08-07:00,1,18
style.css,5,css,de5dc535,Zihan Zhang,2026-04-10,18:47:08,-07:00,2026-04-10T18:47:08-07:00,1,18
style.css,6,css,2ac4c0bc,Zihan Zhang,2026-04-24,21:45:36,-07:00,2026-04-24T21:45:36-07:00,1,17
style.css,7,css,de5dc535,Zihan Zhang,2026-04-10,18:47:08,-07:00,2026-04-10T18:47:08-07:00,0,0
style.css,8,css,de5dc535,Zihan Zhang,2026-04-10,18:47:08,-07:00,2026-04-10T18:47:08-07:00,0,0
style.css,9,css,de5dc535,Zihan Zhang,2026-04-10,18:47:08,-07:00,2026-04-10T18:47:08-07:00,0,4
style.css,10,css,25fc76cc,Zihan Zhang,2026-04-10,20:34:35,-07:00,2026-04-10T20:34:35-07:00,1,45
style.css,11,css,de5dc535,Zihan Zhang,2026-04-10,18:47:08,-07:00,2026-04-10T18:47:08-07:00,1,32
style.css,12,css,6c92d8c6,Zihan Zhang,2026-04-17,22:26:02,-07:00,2026-04-17T22:26:02-07:00,1,23
style.css,13,css,6fa2d3fe,Zihan Zhang,2026-04-03,19:50:53,-07:00,2026-04-03T19:50:53-07:00,0,0
style.css,14,css,6fa2d3fe,Zihan Zhang,2026-04-03,19:50:53,-07:00,2026-04-03T19:50:53-07:00,0,0
style.css,15,css,6fa2d3fe,Zihan Zhang,2026-04-03,19:50:53,-07:00,2026-04-03T19:50:53-07:00,0,3
style.css,16,css,6c92d8c6,Zihan Zhang,2026-04-17,22:26:02,-07:00,2026-04-17T22:26:02-07:00,1,39
style.css,17,css,de5dc535,Zihan Zhang,2026-04-10,18:47:08,-07:00,2026-04-10T18:47:08-07:00,1,12
style.css,18,css,de5dc535,Zihan Zhang,2026-04-10,18:47:08,-07:00,2026-04-10T18:47:08-07:00,1,17
style.css,19,css,6c92d8c6,Zihan Zhang,2026-04-17,22:26:02,-07:00,2026-04-17T22:26:02-07:00,1,43
style.css,20,css,6c58a504,Zihan Zhang,2026-04-17,22:52:31,-07:00,2026-04-17T22:52:31-07:00,1,19
style.css,21,css,6fa2d3fe,Zihan Zhang,2026-04-03,19:50:53,-07:00,2026-04-03T19:50:53-07:00,0,0
style.css,22,css,6fa2d3fe,Zihan Zhang,2026-04-03,19:50:53,-07:00,2026-04-03T19:50:53-07:00,0,0
style.css,23,css,6fa2d3fe,Zihan Zhang,2026-04-03,19:50:53,-07:00,2026-04-03T19:50:53-07:00,0,5
style.css,24,css,de5dc535,Zihan Zhang,2026-04-10,18:47:08,-07:00,2026-04-10T18:47:08-07:00,1,6
style.css,25,css,6fa2d3fe,Zihan Zhang,2026-04-03,19:50:53,-07:00,2026-04-03T19:50:53-07:00,1,20
style.css,26,css,de5dc535,Zihan Zhang,2026-04-10,18:47:08,-07:00,2026-04-10T18:47:08-07:00,1,13
style.css,27,css,de5dc535,Zihan Zhang,2026-04-10,18:47:08,-07:00,2026-04-10T18:47:08-07:00,1,17
style.css,28,css,de5dc535,Zihan Zhang,2026-04-10,18:47:08,-07:00,2026-04-10T18:47:08-07:00,1,13
style.css,29,css,1599dc35,Zihan Zhang,2026-04-17,22:51:10,-07:00,2026-04-17T22:51:10-07:00,1,37
style.css,30,css,1599dc35,Zihan Zhang,2026-04-17,22:51:10,-07:00,2026-04-17T22:51:10-07:00,1,21
style.css,31,css,de5dc535,Zihan Zhang,2026-04-10,18:47:08,-07:00,2026-04-10T18:47:08-07:00,0,0
style.css,32,css,de5dc535,Zihan Zhang,2026-04-10,18:47:08,-07:00,2026-04-10T18:47:08-07:00,0,0
style.css,33,css,de5dc535,Zihan Zhang,2026-04-10,18:47:08,-07:00,2026-04-10T18:47:08-07:00,0,13
style.css,34,css,1599dc35,Zihan Zhang,2026-04-17,22:51:10,-07:00,2026-04-17T22:51:10-07:00,1,39
style.css,35,css,de5dc535,Zihan Zhang,2026-04-10,18:47:08,-07:00,2026-04-10T18:47:08-07:00,0,0
style.css,36,css,de5dc535,Zihan Zhang,2026-04-10,18:47:08,-07:00,2026-04-10T18:47:08-07:00,0,0
style.css,37,css,de5dc535,Zihan Zhang,2026-04-10,18:47:08,-07:00,2026-04-10T18:47:08-07:00,0,11
style.css,38,css,1599dc35,Zihan Zhang,2026-04-17,22:51:10,-07:00,2026-04-17T22:51:10-07:00,1,39
style.css,39,css,6c92d8c6,Zihan Zhang,2026-04-17,22:26:02,-07:00,2026-04-17T22:26:02-07:00,1,69
style.css,40,css,5309991a,Zihan Zhang,2026-04-10,18:53:45,-07:00,2026-04-10T18:53:45-07:00,0,0
style.css,41,css,5309991a,Zihan Zhang,2026-04-10,18:53:45,-07:00,2026-04-10T18:53:45-07:00,0,0
style.css,42,css,2ac4c0bc,Zihan Zhang,2026-04-24,21:45:36,-07:00,2026-04-24T21:45:36-07:00,0,13
style.css,43,css,2ac4c0bc,Zihan Zhang,2026-04-24,21:45:36,-07:00,2026-04-24T21:45:36-07:00,1,12
style.css,44,css,550038f3,Zihan Zhang,2026-04-24,21:51:50,-07:00,2026-04-24T21:51:50-07:00,1,24
style.css,45,css,2ac4c0bc,Zihan Zhang,2026-04-24,21:45:36,-07:00,2026-04-24T21:45:36-07:00,1,18
style.css,46,css,2ac4c0bc,Zihan Zhang,2026-04-24,21:45:36,-07:00,2026-04-24T21:45:36-07:00,1,10
style.css,47,css,550038f3,Zihan Zhang,2026-04-24,21:51:50,-07:00,2026-04-24T21:51:50-07:00,1,13
style.css,48,css,550038f3,Zihan Zhang,2026-04-24,21:51:50,-07:00,2026-04-24T21:51:50-07:00,1,19
style.css,49,css,550038f3,Zihan Zhang,2026-04-24,21:51:50,-07:00,2026-04-24T21:51:50-07:00,1,20
style.css,50,css,550038f3,Zihan Zhang,2026-04-24,21:51:50,-07:00,2026-04-24T21:51:50-07:00,1,18
style.css,51,css,2ac4c0bc,Zihan Zhang,2026-04-24,21:45:36,-07:00,2026-04-24T21:45:36-07:00,0,0
style.css,52,css,2ac4c0bc,Zihan Zhang,2026-04-24,21:45:36,-07:00,2026-04-24T21:45:36-07:00,0,0
style.css,53,css,2ac4c0bc,Zihan Zhang,2026-04-24,21:45:36,-07:00,2026-04-24T21:45:36-07:00,0,20
style.css,54,css,2ac4c0bc,Zihan Zhang,2026-04-24,21:45:36,-07:00,2026-04-24T21:45:36-07:00,1,12
style.css,55,css,2ac4c0bc,Zihan Zhang,2026-04-24,21:45:36,-07:00,2026-04-24T21:45:36-07:00,0,0
style.css,56,css,2ac4c0bc,Zihan Zhang,2026-04-24,21:45:36,-07:00,2026-04-24T21:45:36-07:00,0,0
style.css,57,css,5309991a,Zihan Zhang,2026-04-10,18:53:45,-07:00,2026-04-10T18:53:45-07:00,0,4
style.css,58,css,5309991a,Zihan Zhang,2026-04-10,18:53:45,-07:00,2026-04-10T18:53:45-07:00,0,7
style.css,59,css,2ac4c0bc,Zihan Zhang,2026-04-24,21:45:36,-07:00,2026-04-24T21:45:36-07:00,0,5
style.css,60,css,2ac4c0bc,Zihan Zhang,2026-04-24,21:45:36,-07:00,2026-04-24T21:45:36-07:00,0,6
style.css,61,css,5309991a,Zihan Zhang,2026-04-10,18:53:45,-07:00,2026-04-10T18:53:45-07:00,1,12
style.css,62,css,5309991a,Zihan Zhang,2026-04-10,18:53:45,-07:00,2026-04-10T18:53:45-07:00,0,0
style.css,63,css,5309991a,Zihan Zhang,2026-04-10,18:53:45,-07:00,2026-04-10T18:53:45-07:00,0,0
style.css,64,css,5309991a,Zihan Zhang,2026-04-10,18:53:45,-07:00,2026-04-10T18:53:45-07:00,0,4
style.css,65,css,5309991a,Zihan Zhang,2026-04-10,18:53:45,-07:00,2026-04-10T18:53:45-07:00,1,12
style.css,66,css,5309991a,Zihan Zhang,2026-04-10,18:53:45,-07:00,2026-04-10T18:53:45-07:00,1,30
style.css,67,css,5309991a,Zihan Zhang,2026-04-10,18:53:45,-07:00,2026-04-10T18:53:45-07:00,1,7
style.css,68,css,5309991a,Zihan Zhang,2026-04-10,18:53:45,-07:00,2026-04-10T18:53:45-07:00,0,0
style.css,69,css,5309991a,Zihan Zhang,2026-04-10,18:53:45,-07:00,2026-04-10T18:53:45-07:00,0,0
style.css,70,css,5309991a,Zihan Zhang,2026-04-10,18:53:45,-07:00,2026-04-10T18:53:45-07:00,0,10
style.css,71,css,5309991a,Zihan Zhang,2026-04-10,18:53:45,-07:00,2026-04-10T18:53:45-07:00,1,12
style.css,72,css,5309991a,Zihan Zhang,2026-04-10,18:53:45,-07:00,2026-04-10T18:53:45-07:00,1,29
style.css,73,css,5309991a,Zihan Zhang,2026-04-10,18:53:45,-07:00,2026-04-10T18:53:45-07:00,1,18
style.css,74,css,56776af8,Zihan Zhang,2026-04-10,18:58:17,-07:00,2026-04-10T18:58:17-07:00,1,18
style.css,75,css,5309991a,Zihan Zhang,2026-04-10,18:53:45,-07:00,2026-04-10T18:53:45-07:00,0,0
style.css,76,css,5309991a,Zihan Zhang,2026-04-10,18:53:45,-07:00,2026-04-10T18:53:45-07:00,0,0
style.css,77,css,5309991a,Zihan Zhang,2026-04-10,18:53:45,-07:00,2026-04-10T18:53:45-07:00,0,11
style.css,78,css,5309991a,Zihan Zhang,2026-04-10,18:53:45,-07:00,2026-04-10T18:53:45-07:00,1,18
style.css,79,css,56776af8,Zihan Zhang,2026-04-10,18:58:17,-07:00,2026-04-10T18:58:17-07:00,1,17
style.css,80,css,5309991a,Zihan Zhang,2026-04-10,18:53:45,-07:00,2026-04-10T18:53:45-07:00,0,0
style.css,81,css,5309991a,Zihan Zhang,2026-04-10,18:53:45,-07:00,2026-04-10T18:53:45-07:00,0,0
style.css,82,css,5309991a,Zihan Zhang,2026-04-10,18:53:45,-07:00,2026-04-10T18:53:45-07:00,0,4
style.css,83,css,5309991a,Zihan Zhang,2026-04-10,18:53:45,-07:00,2026-04-10T18:53:45-07:00,0,8
style.css,84,css,5309991a,Zihan Zhang,2026-04-10,18:53:45,-07:00,2026-04-10T18:53:45-07:00,1,21
style.css,85,css,5309991a,Zihan Zhang,2026-04-10,18:53:45,-07:00,2026-04-10T18:53:45-07:00,1,10
style.css,86,css,4a71c926,Zihan Zhang,2026-04-10,19:25:42,-07:00,2026-04-10T19:25:42-07:00,0,0
style.css,87,css,4a71c926,Zihan Zhang,2026-04-10,19:25:42,-07:00,2026-04-10T19:25:42-07:00,0,0
style.css,88,css,4a71c926,Zihan Zhang,2026-04-10,19:25:42,-07:00,2026-04-10T19:25:42-07:00,0,9
style.css,89,css,4a71c926,Zihan Zhang,2026-04-10,19:25:42,-07:00,2026-04-10T19:25:42-07:00,1,12
style.css,90,css,4a71c926,Zihan Zhang,2026-04-10,19:25:42,-07:00,2026-04-10T19:25:42-07:00,1,58
style.css,91,css,4a71c926,Zihan Zhang,2026-04-10,19:25:42,-07:00,2026-04-10T19:25:42-07:00,1,7
style.css,92,css,ae57a286,Zihan Zhang,2026-04-10,19:34:06,-07:00,2026-04-10T19:34:06-07:00,0,0
style.css,93,css,ae57a286,Zihan Zhang,2026-04-10,19:34:06,-07:00,2026-04-10T19:34:06-07:00,0,0
style.css,94,css,ae57a286,Zihan Zhang,2026-04-10,19:34:06,-07:00,2026-04-10T19:34:06-07:00,0,17
style.css,95,css,ae57a286,Zihan Zhang,2026-04-10,19:34:06,-07:00,2026-04-10T19:34:06-07:00,1,12
style.css,96,css,ae57a286,Zihan Zhang,2026-04-10,19:34:06,-07:00,2026-04-10T19:34:06-07:00,1,26
style.css,97,css,ae57a286,Zihan Zhang,2026-04-10,19:34:06,-07:00,2026-04-10T19:34:06-07:00,1,15
style.css,98,css,ae57a286,Zihan Zhang,2026-04-10,19:34:06,-07:00,2026-04-10T19:34:06-07:00,1,7
style.css,99,css,ae57a286,Zihan Zhang,2026-04-10,19:34:06,-07:00,2026-04-10T19:34:06-07:00,0,0
style.css,100,css,ae57a286,Zihan Zhang,2026-04-10,19:34:06,-07:00,2026-04-10T19:34:06-07:00,0,0
style.css,101,css,ae57a286,Zihan Zhang,2026-04-10,19:34:06,-07:00,2026-04-10T19:34:06-07:00,0,12
style.css,102,css,ae57a286,Zihan Zhang,2026-04-10,19:34:06,-07:00,2026-04-10T19:34:06-07:00,1,8
style.css,103,css,ea4c1657,Zihan Zhang,2026-04-10,19:45:31,-07:00,2026-04-10T19:45:31-07:00,0,0
style.css,104,css,ea4c1657,Zihan Zhang,2026-04-10,19:45:31,-07:00,2026-04-10T19:45:31-07:00,0,0
style.css,105,css,2ac4c0bc,Zihan Zhang,2026-04-24,21:45:36,-07:00,2026-04-24T21:45:36-07:00,0,13
style.css,106,css,2ac4c0bc,Zihan Zhang,2026-04-24,21:45:36,-07:00,2026-04-24T21:45:36-07:00,1,10
style.css,107,css,2ac4c0bc,Zihan Zhang,2026-04-24,21:45:36,-07:00,2026-04-24T21:45:36-07:00,1,11
style.css,108,css,2ac4c0bc,Zihan Zhang,2026-04-24,21:45:36,-07:00,2026-04-24T21:45:36-07:00,1,13
style.css,109,css,2ac4c0bc,Zihan Zhang,2026-04-24,21:45:36,-07:00,2026-04-24T21:45:36-07:00,0,0
style.css,110,css,2ac4c0bc,Zihan Zhang,2026-04-24,21:45:36,-07:00,2026-04-24T21:45:36-07:00,0,0
style.css,111,css,ea4c1657,Zihan Zhang,2026-04-10,19:45:31,-07:00,2026-04-10T19:45:31-07:00,0,2
style.css,112,css,ea4c1657,Zihan Zhang,2026-04-10,19:45:31,-07:00,2026-04-10T19:45:31-07:00,1,14
style.css,113,css,ea4c1657,Zihan Zhang,2026-04-10,19:45:31,-07:00,2026-04-10T19:45:31-07:00,0,0
style.css,114,css,ea4c1657,Zihan Zhang,2026-04-10,19:45:31,-07:00,2026-04-10T19:45:31-07:00,0,0
style.css,115,css,2ac4c0bc,Zihan Zhang,2026-04-24,21:45:36,-07:00,2026-04-24T21:45:36-07:00,0,1
style.css,116,css,2ac4c0bc,Zihan Zhang,2026-04-24,21:45:36,-07:00,2026-04-24T21:45:36-07:00,0,1
style.css,117,css,2ac4c0bc,Zihan Zhang,2026-04-24,21:45:36,-07:00,2026-04-24T21:45:36-07:00,0,1
style.css,118,css,2ac4c0bc,Zihan Zhang,2026-04-24,21:45:36,-07:00,2026-04-24T21:45:36-07:00,0,1
style.css,119,css,2ac4c0bc,Zihan Zhang,2026-04-24,21:45:36,-07:00,2026-04-24T21:45:36-07:00,0,1
style.css,120,css,2ac4c0bc,Zihan Zhang,2026-04-24,21:45:36,-07:00,2026-04-24T21:45:36-07:00,0,2
style.css,121,css,ea4c1657,Zihan Zhang,2026-04-10,19:45:31,-07:00,2026-04-10T19:45:31-07:00,1,15
style.css,122,css,ea4c1657,Zihan Zhang,2026-04-10,19:45:31,-07:00,2026-04-10T19:45:31-07:00,1,17
style.css,123,css,255628ad,Zihan Zhang,2026-04-10,20:28:05,-07:00,2026-04-10T20:28:05-07:00,0,0
style.css,124,css,255628ad,Zihan Zhang,2026-04-10,20:28:05,-07:00,2026-04-10T20:28:05-07:00,0,0
style.css,125,css,3e0c5c4a,Zihan Zhang,2026-04-10,20:45:04,-07:00,2026-04-10T20:45:04-07:00,0,8
style.css,126,css,4bd77620,Zihan Zhang,2026-04-17,22:39:01,-07:00,2026-04-17T22:39:01-07:00,1,17
style.css,127,css,4bd77620,Zihan Zhang,2026-04-17,22:39:01,-07:00,2026-04-17T22:39:01-07:00,1,16
style.css,128,css,3e0c5c4a,Zihan Zhang,2026-04-10,20:45:04,-07:00,2026-04-10T20:45:04-07:00,0,0
style.css,129,css,3e0c5c4a,Zihan Zhang,2026-04-10,20:45:04,-07:00,2026-04-10T20:45:04-07:00,0,0
style.css,130,css,3e0c5c4a,Zihan Zhang,2026-04-10,20:45:04,-07:00,2026-04-10T20:45:04-07:00,0,10
style.css,131,css,41d31085,Zihan Zhang,2026-04-24,21:58:33,-07:00,2026-04-24T21:58:33-07:00,1,15
style.css,132,css,3e0c5c4a,Zihan Zhang,2026-04-10,20:45:04,-07:00,2026-04-10T20:45:04-07:00,1,18
style.css,133,css,3e0c5c4a,Zihan Zhang,2026-04-10,20:45:04,-07:00,2026-04-10T20:45:04-07:00,0,0
style.css,134,css,3e0c5c4a,Zihan Zhang,2026-04-10,20:45:04,-07:00,2026-04-10T20:45:04-07:00,0,0
style.css,135,css,3e0c5c4a,Zihan Zhang,2026-04-10,20:45:04,-07:00,2026-04-10T20:45:04-07:00,0,11
style.css,136,css,2ac4c0bc,Zihan Zhang,2026-04-24,21:45:36,-07:00,2026-04-24T21:45:36-07:00,1,16
style.css,137,css,3e0c5c4a,Zihan Zhang,2026-04-10,20:45:04,-07:00,2026-04-10T20:45:04-07:00,1,22
style.css,138,css,3e0c5c4a,Zihan Zhang,2026-04-10,20:45:04,-07:00,2026-04-10T20:45:04-07:00,1,22
style.css,139,css,3e0c5c4a,Zihan Zhang,2026-04-10,20:45:04,-07:00,2026-04-10T20:45:04-07:00,0,0
style.css,140,css,3e0c5c4a,Zihan Zhang,2026-04-10,20:45:04,-07:00,2026-04-10T20:45:04-07:00,0,0
style.css,141,css,3e0c5c4a,Zihan Zhang,2026-04-10,20:45:04,-07:00,2026-04-10T20:45:04-07:00,0,16
style.css,142,css,3e0c5c4a,Zihan Zhang,2026-04-10,20:45:04,-07:00,2026-04-10T20:45:04-07:00,1,18
style.css,143,css,3e0c5c4a,Zihan Zhang,2026-04-10,20:45:04,-07:00,2026-04-10T20:45:04-07:00,1,17
style.css,144,css,4bd77620,Zihan Zhang,2026-04-17,22:39:01,-07:00,2026-04-17T22:39:01-07:00,1,57
style.css,145,css,4bd77620,Zihan Zhang,2026-04-17,22:39:01,-07:00,2026-04-17T22:39:01-07:00,1,16
style.css,146,css,4bd77620,Zihan Zhang,2026-04-17,22:39:01,-07:00,2026-04-17T22:39:01-07:00,1,64
style.css,147,css,3e0c5c4a,Zihan Zhang,2026-04-10,20:45:04,-07:00,2026-04-10T20:45:04-07:00,1,19
style.css,148,css,3e0c5c4a,Zihan Zhang,2026-04-10,20:45:04,-07:00,2026-04-10T20:45:04-07:00,1,48
style.css,149,css,3e0c5c4a,Zihan Zhang,2026-04-10,20:45:04,-07:00,2026-04-10T20:45:04-07:00,0,0
style.css,150,css,3e0c5c4a,Zihan Zhang,2026-04-10,20:45:04,-07:00,2026-04-10T20:45:04-07:00,0,0
style.css,151,css,3e0c5c4a,Zihan Zhang,2026-04-10,20:45:04,-07:00,2026-04-10T20:45:04-07:00,0,11
style.css,152,css,3e0c5c4a,Zihan Zhang,2026-04-10,20:45:04,-07:00,2026-04-10T20:45:04-07:00,1,19
style.css,153,css,3e0c5c4a,Zihan Zhang,2026-04-10,20:45:04,-07:00,2026-04-10T20:45:04-07:00,1,20
style.css,154,css,4bd77620,Zihan Zhang,2026-04-17,22:39:01,-07:00,2026-04-17T22:39:01-07:00,1,71
style.css,155,css,3e0c5c4a,Zihan Zhang,2026-04-10,20:45:04,-07:00,2026-04-10T20:45:04-07:00,1,25
style.css,156,css,3e0c5c4a,Zihan Zhang,2026-04-10,20:45:04,-07:00,2026-04-10T20:45:04-07:00,1,17
style.css,157,css,3e0c5c4a,Zihan Zhang,2026-04-10,20:45:04,-07:00,2026-04-10T20:45:04-07:00,0,0
style.css,158,css,3e0c5c4a,Zihan Zhang,2026-04-10,20:45:04,-07:00,2026-04-10T20:45:04-07:00,0,0
style.css,159,css,3e0c5c4a,Zihan Zhang,2026-04-10,20:45:04,-07:00,2026-04-10T20:45:04-07:00,0,11
style.css,160,css,3e0c5c4a,Zihan Zhang,2026-04-10,20:45:04,-07:00,2026-04-10T20:45:04-07:00,1,18
style.css,161,css,3e0c5c4a,Zihan Zhang,2026-04-10,20:45:04,-07:00,2026-04-10T20:45:04-07:00,1,17
style.css,162,css,3e0c5c4a,Zihan Zhang,2026-04-10,20:45:04,-07:00,2026-04-10T20:45:04-07:00,0,0
style.css,163,css,3e0c5c4a,Zihan Zhang,2026-04-10,20:45:04,-07:00,2026-04-10T20:45:04-07:00,0,0
style.css,164,css,3e0c5c4a,Zihan Zhang,2026-04-10,20:45:04,-07:00,2026-04-10T20:45:04-07:00,0,9
style.css,165,css,3e0c5c4a,Zihan Zhang,2026-04-10,20:45:04,-07:00,2026-04-10T20:45:04-07:00,0,11
style.css,166,css,3e0c5c4a,Zihan Zhang,2026-04-10,20:45:04,-07:00,2026-04-10T20:45:04-07:00,1,16
style.css,167,css,3e0c5c4a,Zihan Zhang,2026-04-10,20:45:04,-07:00,2026-04-10T20:45:04-07:00,0,0
style.css,168,css,3e0c5c4a,Zihan Zhang,2026-04-10,20:45:04,-07:00,2026-04-10T20:45:04-07:00,0,0
style.css,169,css,3e0c5c4a,Zihan Zhang,2026-04-10,20:45:04,-07:00,2026-04-10T20:45:04-07:00,0,11
style.css,170,css,3e0c5c4a,Zihan Zhang,2026-04-10,20:45:04,-07:00,2026-04-10T20:45:04-07:00,1,23
style.css,171,css,3e0c5c4a,Zihan Zhang,2026-04-10,20:45:04,-07:00,2026-04-10T20:45:04-07:00,1,18
style.css,172,css,3e0c5c4a,Zihan Zhang,2026-04-10,20:45:04,-07:00,2026-04-10T20:45:04-07:00,0,0
style.css,173,css,3e0c5c4a,Zihan Zhang,2026-04-10,20:45:04,-07:00,2026-04-10T20:45:04-07:00,0,0
style.css,174,css,2ac4c0bc,Zihan Zhang,2026-04-24,21:45:36,-07:00,2026-04-24T21:45:36-07:00,0,18
style.css,175,css,2ac4c0bc,Zihan Zhang,2026-04-24,21:45:36,-07:00,2026-04-24T21:45:36-07:00,1,25
style.css,176,css,2ac4c0bc,Zihan Zhang,2026-04-24,21:45:36,-07:00,2026-04-24T21:45:36-07:00,0,0
style.css,177,css,2ac4c0bc,Zihan Zhang,2026-04-24,21:45:36,-07:00,2026-04-24T21:45:36-07:00,0,0
style.css,178,css,2ac4c0bc,Zihan Zhang,2026-04-24,21:45:36,-07:00,2026-04-24T21:45:36-07:00,0,13
style.css,179,css,2ac4c0bc,Zihan Zhang,2026-04-24,21:45:36,-07:00,2026-04-24T21:45:36-07:00,1,15
style.css,180,css,2ac4c0bc,Zihan Zhang,2026-04-24,21:45:36,-07:00,2026-04-24T21:45:36-07:00,0,0
style.css,181,css,2ac4c0bc,Zihan Zhang,2026-04-24,21:45:36,-07:00,2026-04-24T21:45:36-07:00,0,0
style.css,182,css,3e0c5c4a,Zihan Zhang,2026-04-10,20:45:04,-07:00,2026-04-10T20:45:04-07:00,0,26
style.css,183,css,3e0c5c4a,Zihan Zhang,2026-04-10,20:45:04,-07:00,2026-04-10T20:45:04-07:00,1,16
style.css,184,css,3e0c5c4a,Zihan Zhang,2026-04-10,20:45:04,-07:00,2026-04-10T20:45:04-07:00,0,0
style.css,185,css,3e0c5c4a,Zihan Zhang,2026-04-10,20:45:04,-07:00,2026-04-10T20:45:04-07:00,0,0
style.css,186,css,3e0c5c4a,Zihan Zhang,2026-04-10,20:45:04,-07:00,2026-04-10T20:45:04-07:00,0,30
style.css,187,css,3e0c5c4a,Zihan Zhang,2026-04-10,20:45:04,-07:00,2026-04-10T20:45:04-07:00,1,16
style.css,188,css,4bd77620,Zihan Zhang,2026-04-17,22:39:01,-07:00,2026-04-17T22:39:01-07:00,0,0
style.css,189,css,4bd77620,Zihan Zhang,2026-04-17,22:39:01,-07:00,2026-04-17T22:39:01-07:00,0,0
style.css,190,css,2ac4c0bc,Zihan Zhang,2026-04-24,21:45:36,-07:00,2026-04-24T21:45:36-07:00,0,3
style.css,191,css,2ac4c0bc,Zihan Zhang,2026-04-24,21:45:36,-07:00,2026-04-24T21:45:36-07:00,1,14
style.css,192,css,dbd30f3f,Zihan Zhang,2026-04-24,21:40:49,-07:00,2026-04-24T21:40:49-07:00,0,0
style.css,193,css,dbd30f3f,Zihan Zhang,2026-04-24,21:40:49,-07:00,2026-04-24T21:40:49-07:00,0,0
style.css,194,css,2ff55644,Zihan Zhang,2026-04-24,21:57:06,-07:00,2026-04-24T21:57:06-07:00,0,13
style.css,195,css,2ac4c0bc,Zihan Zhang,2026-04-24,21:45:36,-07:00,2026-04-24T21:45:36-07:00,1,12
style.css,196,css,2ff55644,Zihan Zhang,2026-04-24,21:57:06,-07:00,2026-04-24T21:57:06-07:00,1,57
style.css,197,css,2ff55644,Zihan Zhang,2026-04-24,21:57:06,-07:00,2026-04-24T21:57:06-07:00,1,8
style.css,198,css,2ac4c0bc,Zihan Zhang,2026-04-24,21:45:36,-07:00,2026-04-24T21:45:36-07:00,1,8
style.css,199,css,2ff55644,Zihan Zhang,2026-04-24,21:57:06,-07:00,2026-04-24T21:57:06-07:00,1,9
style.css,200,css,dbd30f3f,Zihan Zhang,2026-04-24,21:40:49,-07:00,2026-04-24T21:40:49-07:00,0,0
style.css,201,css,dbd30f3f,Zihan Zhang,2026-04-24,21:40:49,-07:00,2026-04-24T21:40:49-07:00,0,0
style.css,202,css,2ff55644,Zihan Zhang,2026-04-24,21:57:06,-07:00,2026-04-24T21:57:06-07:00,0,17
style.css,203,css,2ff55644,Zihan Zhang,2026-04-24,21:57:06,-07:00,2026-04-24T21:57:06-07:00,1,57
style.css,204,css,2ff55644,Zihan Zhang,2026-04-24,21:57:06,-07:00,2026-04-24T21:57:06-07:00,1,64
style.css,205,css,2ff55644,Zihan Zhang,2026-04-24,21:57:06,-07:00,2026-04-24T21:57:06-07:00,1,21
style.css,206,css,2ff55644,Zihan Zhang,2026-04-24,21:57:06,-07:00,2026-04-24T21:57:06-07:00,1,12
style.css,207,css,2ff55644,Zihan Zhang,2026-04-24,21:57:06,-07:00,2026-04-24T21:57:06-07:00,0,0
style.css,208,css,2ff55644,Zihan Zhang,2026-04-24,21:57:06,-07:00,2026-04-24T21:57:06-07:00,0,0
style.css,209,css,2ff55644,Zihan Zhang,2026-04-24,21:57:06,-07:00,2026-04-24T21:57:06-07:00,0,16
style.css,210,css,2ac4c0bc,Zihan Zhang,2026-04-24,21:45:36,-07:00,2026-04-24T21:45:36-07:00,1,15
style.css,211,css,2ff55644,Zihan Zhang,2026-04-24,21:57:06,-07:00,2026-04-24T21:57:06-07:00,1,21
style.css,212,css,dbd30f3f,Zihan Zhang,2026-04-24,21:40:49,-07:00,2026-04-24T21:40:49-07:00,0,0
style.css,213,css,dbd30f3f,Zihan Zhang,2026-04-24,21:40:49,-07:00,2026-04-24T21:40:49-07:00,0,0
style.css,214,css,2ff55644,Zihan Zhang,2026-04-24,21:57:06,-07:00,2026-04-24T21:57:06-07:00,0,16
style.css,215,css,2ac4c0bc,Zihan Zhang,2026-04-24,21:45:36,-07:00,2026-04-24T21:45:36-07:00,1,8
style.css,216,css,fcce3df5,Zihan Zhang,2026-04-24,21:59:49,-07:00,2026-04-24T21:59:49-07:00,1,14
style.css,217,css,fcce3df5,Zihan Zhang,2026-04-24,21:59:49,-07:00,2026-04-24T21:59:49-07:00,1,15
style.css,218,css,4bd77620,Zihan Zhang,2026-04-17,22:39:01,-07:00,2026-04-17T22:39:01-07:00,0,0
style.css,219,css,4bd77620,Zihan Zhang,2026-04-17,22:39:01,-07:00,2026-04-17T22:39:01-07:00,0,0
style.css,220,css,2ac4c0bc,Zihan Zhang,2026-04-24,21:45:36,-07:00,2026-04-24T21:45:36-07:00,0,15
style.css,221,css,2ac4c0bc,Zihan Zhang,2026-04-24,21:45:36,-07:00,2026-04-24T21:45:36-07:00,1,19
style.css,222,css,ab4e30c1,Zihan Zhang,2026-05-01,21:40:58,-07:00,2026-05-01T21:40:58-07:00,0,0
style.css,223,css,ab4e30c1,Zihan Zhang,2026-05-01,21:40:58,-07:00,2026-05-01T21:40:58-07:00,0,0
style.css,224,css,ab4e30c1,Zihan Zhang,2026-05-01,21:40:58,-07:00,2026-05-01T21:40:58-07:00,0,13
style.css,225,css,ab4e30c1,Zihan Zhang,2026-05-01,21:40:58,-07:00,2026-05-01T21:40:58-07:00,1,12
style.css,226,css,ab4e30c1,Zihan Zhang,2026-05-01,21:40:58,-07:00,2026-05-01T21:40:58-07:00,1,11
style.css,227,css,ab4e30c1,Zihan Zhang,2026-05-01,21:40:58,-07:00,2026-05-01T21:40:58-07:00,0,0
style.css,228,css,ab4e30c1,Zihan Zhang,2026-05-01,21:40:58,-07:00,2026-05-01T21:40:58-07:00,0,0
style.css,229,css,ab4e30c1,Zihan Zhang,2026-05-01,21:40:58,-07:00,2026-05-01T21:40:58-07:00,0,15
style.css,230,css,ab4e30c1,Zihan Zhang,2026-05-01,21:40:58,-07:00,2026-05-01T21:40:58-07:00,1,8
style.css,231,css,ab4e30c1,Zihan Zhang,2026-05-01,21:40:58,-07:00,2026-05-01T21:40:58-07:00,0,0
style.css,232,css,ab4e30c1,Zihan Zhang,2026-05-01,21:40:58,-07:00,2026-05-01T21:40:58-07:00,0,0
style.css,233,css,ab4e30c1,Zihan Zhang,2026-05-01,21:40:58,-07:00,2026-05-01T21:40:58-07:00,0,13
style.css,234,css,ab4e30c1,Zihan Zhang,2026-05-01,21:40:58,-07:00,2026-05-01T21:40:58-07:00,1,53
style.css,235,css,ab4e30c1,Zihan Zhang,2026-05-01,21:40:58,-07:00,2026-05-01T21:40:58-07:00,1,30
style.css,236,css,ab4e30c1,Zihan Zhang,2026-05-01,21:40:58,-07:00,2026-05-01T21:40:58-07:00,1,34
style.css,237,css,1737f732,Zihan Zhang,2026-05-01,21:46:33,-07:00,2026-05-01T21:46:33-07:00,0,0
style.css,238,css,1737f732,Zihan Zhang,2026-05-01,21:46:33,-07:00,2026-05-01T21:46:33-07:00,0,0
style.css,239,css,1737f732,Zihan Zhang,2026-05-01,21:46:33,-07:00,2026-05-01T21:46:33-07:00,0,18
style.css,240,css,1737f732,Zihan Zhang,2026-05-01,21:46:33,-07:00,2026-05-01T21:46:33-07:00,1,14
style.css,241,css,1737f732,Zihan Zhang,2026-05-01,21:46:33,-07:00,2026-05-01T21:46:33-07:00,1,16
style.css,242,css,1737f732,Zihan Zhang,2026-05-01,21:46:33,-07:00,2026-05-01T21:46:33-07:00,1,16
style.css,243,css,91e04cb3,Zihan Zhang,2026-05-01,22:23:39,-07:00,2026-05-01T22:23:39-07:00,0,0
style.css,244,css,91e04cb3,Zihan Zhang,2026-05-01,22:23:39,-07:00,2026-05-01T22:23:39-07:00,0,0
style.css,245,css,91e04cb3,Zihan Zhang,2026-05-01,22:23:39,-07:00,2026-05-01T22:23:39-07:00,0,7
style.css,246,css,91e04cb3,Zihan Zhang,2026-05-01,22:23:39,-07:00,2026-05-01T22:23:39-07:00,1,15
style.css,247,css,91e04cb3,Zihan Zhang,2026-05-01,22:23:39,-07:00,2026-05-01T22:23:39-07:00,1,9
style.css,248,css,91e04cb3,Zihan Zhang,2026-05-01,22:23:39,-07:00,2026-05-01T22:23:39-07:00,1,20
style.css,249,css,91e04cb3,Zihan Zhang,2026-05-01,22:23:39,-07:00,2026-05-01T22:23:39-07:00,1,12
style.css,250,css,91e04cb3,Zihan Zhang,2026-05-01,22:23:39,-07:00,2026-05-01T22:23:39-07:00,1,58
style.css,251,css,91e04cb3,Zihan Zhang,2026-05-01,22:23:39,-07:00,2026-05-01T22:23:39-07:00,1,14
style.css,252,css,91e04cb3,Zihan Zhang,2026-05-01,22:23:39,-07:00,2026-05-01T22:23:39-07:00,0,0
style.css,253,css,91e04cb3,Zihan Zhang,2026-05-01,22:23:39,-07:00,2026-05-01T22:23:39-07:00,0,0
style.css,254,css,91e04cb3,Zihan Zhang,2026-05-01,22:23:39,-07:00,2026-05-01T22:23:39-07:00,0,10
style.css,255,css,91e04cb3,Zihan Zhang,2026-05-01,22:23:39,-07:00,2026-05-01T22:23:39-07:00,1,12
style.css,256,css,91e04cb3,Zihan Zhang,2026-05-01,22:23:39,-07:00,2026-05-01T22:23:39-07:00,1,18
style.css,257,css,91e04cb3,Zihan Zhang,2026-05-01,22:23:39,-07:00,2026-05-01T22:23:39-07:00,1,9
style.css,258,css,91e04cb3,Zihan Zhang,2026-05-01,22:23:39,-07:00,2026-05-01T22:23:39-07:00,0,0
style.css,259,css,91e04cb3,Zihan Zhang,2026-05-01,22:23:39,-07:00,2026-05-01T22:23:39-07:00,0,0
style.css,260,css,91e04cb3,Zihan Zhang,2026-05-01,22:23:39,-07:00,2026-05-01T22:23:39-07:00,0,15
style.css,261,css,91e04cb3,Zihan Zhang,2026-05-01,22:23:39,-07:00,2026-05-01T22:23:39-07:00,1,9
style.css,262,css,91e04cb3,Zihan Zhang,2026-05-01,22:23:39,-07:00,2026-05-01T22:23:39-07:00,1,18
style.css,263,css,91e04cb3,Zihan Zhang,2026-05-01,22:23:39,-07:00,2026-05-01T22:23:39-07:00,1,23
style.css,264,css,91e04cb3,Zihan Zhang,2026-05-01,22:23:39,-07:00,2026-05-01T22:23:39-07:00,1,20
style.css,265,css,91e04cb3,Zihan Zhang,2026-05-01,22:23:39,-07:00,2026-05-01T22:23:39-07:00,1,13
style.css,266,css,91e04cb3,Zihan Zhang,2026-05-01,22:23:39,-07:00,2026-05-01T22:23:39-07:00,0,0
style.css,267,css,91e04cb3,Zihan Zhang,2026-05-01,22:23:39,-07:00,2026-05-01T22:23:39-07:00,0,0
style.css,268,css,91e04cb3,Zihan Zhang,2026-05-01,22:23:39,-07:00,2026-05-01T22:23:39-07:00,0,10
style.css,269,css,91e04cb3,Zihan Zhang,2026-05-01,22:23:39,-07:00,2026-05-01T22:23:39-07:00,1,53
style.css,270,css,91e04cb3,Zihan Zhang,2026-05-01,22:23:39,-07:00,2026-05-01T22:23:39-07:00,1,17
style.css,271,css,f65b5ee7,Zihan Zhang,2026-05-01,22:28:06,-07:00,2026-05-01T22:28:06-07:00,0,0
style.css,272,css,f65b5ee7,Zihan Zhang,2026-05-01,22:28:06,-07:00,2026-05-01T22:28:06-07:00,0,0
style.css,273,css,f65b5ee7,Zihan Zhang,2026-05-01,22:28:06,-07:00,2026-05-01T22:28:06-07:00,0,10
style.css,274,css,f65b5ee7,Zihan Zhang,2026-05-01,22:28:06,-07:00,2026-05-01T22:28:06-07:00,1,12
style.css,275,css,f65b5ee7,Zihan Zhang,2026-05-01,22:28:06,-07:00,2026-05-01T22:28:06-07:00,1,18
style.css,276,css,f65b5ee7,Zihan Zhang,2026-05-01,22:28:06,-07:00,2026-05-01T22:28:06-07:00,1,8
style.css,277,css,f65b5ee7,Zihan Zhang,2026-05-01,22:28:06,-07:00,2026-05-01T22:28:06-07:00,1,14
style.css,278,css,f65b5ee7,Zihan Zhang,2026-05-01,22:28:06,-07:00,2026-05-01T22:28:06-07:00,1,17
style.css,279,css,f65b5ee7,Zihan Zhang,2026-05-01,22:28:06,-07:00,2026-05-01T22:28:06-07:00,0,0
style.css,280,css,f65b5ee7,Zihan Zhang,2026-05-01,22:28:06,-07:00,2026-05-01T22:28:06-07:00,0,0
style.css,281,css,f65b5ee7,Zihan Zhang,2026-05-01,22:28:06,-07:00,2026-05-01T22:28:06-07:00,0,18
style.css,282,css,f65b5ee7,Zihan Zhang,2026-05-01,22:28:06,-07:00,2026-05-01T22:28:06-07:00,1,13
style.css,283,css,f65b5ee7,Zihan Zhang,2026-05-01,22:28:06,-07:00,2026-05-01T22:28:06-07:00,0,0
style.css,284,css,f65b5ee7,Zihan Zhang,2026-05-01,22:28:06,-07:00,2026-05-01T22:28:06-07:00,0,0
style.css,285,css,f65b5ee7,Zihan Zhang,2026-05-01,22:28:06,-07:00,2026-05-01T22:28:06-07:00,0,7
style.css,286,css,f65b5ee7,Zihan Zhang,2026-05-01,22:28:06,-07:00,2026-05-01T22:28:06-07:00,1,6
style.css,287,css,3b40f110,Zihan Zhang,2026-05-01,22:48:17,-07:00,2026-05-01T22:48:17-07:00,1,8
style.css,288,css,1f26eab1,Zihan Zhang,2026-05-01,22:59:18,-07:00,2026-05-01T22:59:18-07:00,0,0
style.css,289,css,1f26eab1,Zihan Zhang,2026-05-01,22:59:18,-07:00,2026-05-01T22:59:18-07:00,0,0
style.css,290,css,1f26eab1,Zihan Zhang,2026-05-01,22:59:18,-07:00,2026-05-01T22:59:18-07:00,0,23
style.css,291,css,93defc4c,Zihan Zhang,2026-05-01,23:23:25,-07:00,2026-05-01T23:23:25-07:00,1,14
style.css,292,css,1f26eab1,Zihan Zhang,2026-05-01,22:59:18,-07:00,2026-05-01T22:59:18-07:00,1,16
style.css,293,css,1f26eab1,Zihan Zhang,2026-05-01,22:59:18,-07:00,2026-05-01T22:59:18-07:00,0,0
style.css,294,css,1f26eab1,Zihan Zhang,2026-05-01,22:59:18,-07:00,2026-05-01T22:59:18-07:00,0,0
style.css,295,css,1f26eab1,Zihan Zhang,2026-05-01,22:59:18,-07:00,2026-05-01T22:59:18-07:00,0,51
style.css,296,css,1f26eab1,Zihan Zhang,2026-05-01,22:59:18,-07:00,2026-05-01T22:59:18-07:00,1,11
style.css,297,css,a560e04d,Zihan Zhang,2026-05-01,23:17:28,-07:00,2026-05-01T23:17:28-07:00,0,0
style.css,298,css,a560e04d,Zihan Zhang,2026-05-01,23:17:28,-07:00,2026-05-01T23:17:28-07:00,0,0
style.css,299,css,a560e04d,Zihan Zhang,2026-05-01,23:17:28,-07:00,2026-05-01T23:17:28-07:00,0,9
style.css,300,css,a560e04d,Zihan Zhang,2026-05-01,23:17:28,-07:00,2026-05-01T23:17:28-07:00,1,35
style.css,301,css,a560e04d,Zihan Zhang,2026-05-01,23:17:28,-07:00,2026-05-01T23:17:28-07:00,0,0
style.css,302,css,a560e04d,Zihan Zhang,2026-05-01,23:17:28,-07:00,2026-05-01T23:17:28-07:00,0,0
style.css,303,css,a560e04d,Zihan Zhang,2026-05-01,23:17:28,-07:00,2026-05-01T23:17:28-07:00,0,32
style.css,304,css,a560e04d,Zihan Zhang,2026-05-01,23:17:28,-07:00,2026-05-01T23:17:28-07:00,1,17
style.css,305,css,706544d3,Zihan Zhang,2026-05-01,23:42:40,-07:00,2026-05-01T23:42:40-07:00,0,0
style.css,306,css,706544d3,Zihan Zhang,2026-05-01,23:42:40,-07:00,2026-05-01T23:42:40-07:00,0,0
style.css,307,css,706544d3,Zihan Zhang,2026-05-01,23:42:40,-07:00,2026-05-01T23:42:40-07:00,0,10
style.css,308,css,706544d3,Zihan Zhang,2026-05-01,23:42:40,-07:00,2026-05-01T23:42:40-07:00,1,10
style.css,309,css,706544d3,Zihan Zhang,2026-05-01,23:42:40,-07:00,2026-05-01T23:42:40-07:00,1,21
style.css,310,css,706544d3,Zihan Zhang,2026-05-01,23:42:40,-07:00,2026-05-01T23:42:40-07:00,1,22
style.css,311,css,706544d3,Zihan Zhang,2026-05-01,23:42:40,-07:00,2026-05-01T23:42:40-07:00,1,20
style.css,312,css,706544d3,Zihan Zhang,2026-05-01,23:42:40,-07:00,2026-05-01T23:42:40-07:00,1,64
style.css,313,css,706544d3,Zihan Zhang,2026-05-01,23:42:40,-07:00,2026-05-01T23:42:40-07:00,1,21
style.css,314,css,706544d3,Zihan Zhang,2026-05-01,23:42:40,-07:00,2026-05-01T23:42:40-07:00,1,57
style.css,315,css,706544d3,Zihan Zhang,2026-05-01,23:42:40,-07:00,2026-05-01T23:42:40-07:00,1,16
style.css,316,css,706544d3,Zihan Zhang,2026-05-01,23:42:40,-07:00,2026-05-01T23:42:40-07:00,1,12
style.css,317,css,706544d3,Zihan Zhang,2026-05-01,23:42:40,-07:00,2026-05-01T23:42:40-07:00,1,14
style.css,318,css,706544d3,Zihan Zhang,2026-05-01,23:42:40,-07:00,2026-05-01T23:42:40-07:00,1,71
style.css,319,css,706544d3,Zihan Zhang,2026-05-01,23:42:40,-07:00,2026-05-01T23:42:40-07:00,0,0
style.css,320,css,706544d3,Zihan Zhang,2026-05-01,23:42:40,-07:00,2026-05-01T23:42:40-07:00,0,0
style.css,321,css,706544d3,Zihan Zhang,2026-05-01,23:42:40,-07:00,2026-05-01T23:42:40-07:00,0,23
style.css,322,css,706544d3,Zihan Zhang,2026-05-01,23:42:40,-07:00,2026-05-01T23:42:40-07:00,1,53
style.css,323,css,706544d3,Zihan Zhang,2026-05-01,23:42:40,-07:00,2026-05-01T23:42:40-07:00,0,0
style.css,324,css,706544d3,Zihan Zhang,2026-05-01,23:42:40,-07:00,2026-05-01T23:42:40-07:00,0,0
style.css,325,css,706544d3,Zihan Zhang,2026-05-01,23:42:40,-07:00,2026-05-01T23:42:40-07:00,0,16
style.css,326,css,706544d3,Zihan Zhang,2026-05-01,23:42:40,-07:00,2026-05-01T23:42:40-07:00,1,73
style.css,327,css,706544d3,Zihan Zhang,2026-05-01,23:42:40,-07:00,2026-05-01T23:42:40-07:00,0,0
style.css,328,css,706544d3,Zihan Zhang,2026-05-01,23:42:40,-07:00,2026-05-01T23:42:40-07:00,0,0
style.css,329,css,706544d3,Zihan Zhang,2026-05-01,23:42:40,-07:00,2026-05-01T23:42:40-07:00,0,16
style.css,330,css,706544d3,Zihan Zhang,2026-05-01,23:42:40,-07:00,2026-05-01T23:42:40-07:00,1,12
style.css,331,css,706544d3,Zihan Zhang,2026-05-01,23:42:40,-07:00,2026-05-01T23:42:40-07:00,1,32
style.css,332,css,706544d3,Zihan Zhang,2026-05-01,23:42:40,-07:00,2026-05-01T23:42:40-07:00,1,82
style.css,333,css,706544d3,Zihan Zhang,2026-05-01,23:42:40,-07:00,2026-05-01T23:42:40-07:00,1,66
style.css,334,css,706544d3,Zihan Zhang,2026-05-01,23:42:40,-07:00,2026-05-01T23:42:40-07:00,0,0
style.css,335,css,706544d3,Zihan Zhang,2026-05-01,23:42:40,-07:00,2026-05-01T23:42:40-07:00,0,0
style.css,336,css,706544d3,Zihan Zhang,2026-05-01,23:42:40,-07:00,2026-05-01T23:42:40-07:00,0,10
style.css,337,css,706544d3,Zihan Zhang,2026-05-01,23:42:40,-07:00,2026-05-01T23:42:40-07:00,1,14
style.css,338,css,cba78b46,Zihan Zhang,2026-04-03,19:34:40,-07:00,2026-04-03T19:34:40-07:00,0,0
index.js,1,js,d7717740,Zihan Zhang,2026-04-24,21:36:12,-07:00,2026-04-24T21:36:12-07:00,0,71
index.js,2,js,47e8deb8,Zihan Zhang,2026-04-24,21:29:29,-07:00,2026-04-24T21:29:29-07:00,0,0
index.js,3,js,47e8deb8,Zihan Zhang,2026-04-24,21:29:29,-07:00,2026-04-24T21:29:29-07:00,0,54
index.js,4,js,47e8deb8,Zihan Zhang,2026-04-24,21:29:29,-07:00,2026-04-24T21:29:29-07:00,0,42
index.js,5,js,47e8deb8,Zihan Zhang,2026-04-24,21:29:29,-07:00,2026-04-24T21:29:29-07:00,0,0
index.js,6,js,47e8deb8,Zihan Zhang,2026-04-24,21:29:29,-07:00,2026-04-24T21:29:29-07:00,0,60
index.js,7,js,47e8deb8,Zihan Zhang,2026-04-24,21:29:29,-07:00,2026-04-24T21:29:29-07:00,0,0
index.js,8,js,d7717740,Zihan Zhang,2026-04-24,21:36:12,-07:00,2026-04-24T21:36:12-07:00,0,54
index.js,9,js,d7717740,Zihan Zhang,2026-04-24,21:36:12,-07:00,2026-04-24T21:36:12-07:00,0,0
index.js,10,js,d7717740,Zihan Zhang,2026-04-24,21:36:12,-07:00,2026-04-24T21:36:12-07:00,0,55
index.js,11,js,d7717740,Zihan Zhang,2026-04-24,21:36:12,-07:00,2026-04-24T21:36:12-07:00,0,60
index.js,12,js,d7717740,Zihan Zhang,2026-04-24,21:36:12,-07:00,2026-04-24T21:36:12-07:00,0,0
index.js,13,js,e6a737fa,Zihan Zhang,2026-04-24,21:39:47,-07:00,2026-04-24T21:39:47-07:00,0,31
index.js,14,js,d7717740,Zihan Zhang,2026-04-24,21:36:12,-07:00,2026-04-24T21:36:12-07:00,1,24
index.js,15,js,2ff55644,Zihan Zhang,2026-04-24,21:57:06,-07:00,2026-04-24T21:57:06-07:00,2,23
index.js,16,js,2ff55644,Zihan Zhang,2026-04-24,21:57:06,-07:00,2026-04-24T21:57:06-07:00,3,3
index.js,17,js,2ff55644,Zihan Zhang,2026-04-24,21:57:06,-07:00,2026-04-24T21:57:06-07:00,4,19
index.js,18,js,2ff55644,Zihan Zhang,2026-04-24,21:57:06,-07:00,2026-04-24T21:57:06-07:00,4,33
index.js,19,js,2ff55644,Zihan Zhang,2026-04-24,21:57:06,-07:00,2026-04-24T21:57:06-07:00,3,4
index.js,20,js,2ff55644,Zihan Zhang,2026-04-24,21:57:06,-07:00,2026-04-24T21:57:06-07:00,3,3
index.js,21,js,2ff55644,Zihan Zhang,2026-04-24,21:57:06,-07:00,2026-04-24T21:57:06-07:00,4,19
index.js,22,js,2ff55644,Zihan Zhang,2026-04-24,21:57:06,-07:00,2026-04-24T21:57:06-07:00,4,33
index.js,23,js,2ff55644,Zihan Zhang,2026-04-24,21:57:06,-07:00,2026-04-24T21:57:06-07:00,3,4
index.js,24,js,2ff55644,Zihan Zhang,2026-04-24,21:57:06,-07:00,2026-04-24T21:57:06-07:00,3,3
index.js,25,js,2ff55644,Zihan Zhang,2026-04-24,21:57:06,-07:00,2026-04-24T21:57:06-07:00,4,16
index.js,26,js,2ff55644,Zihan Zhang,2026-04-24,21:57:06,-07:00,2026-04-24T21:57:06-07:00,4,30
index.js,27,js,2ff55644,Zihan Zhang,2026-04-24,21:57:06,-07:00,2026-04-24T21:57:06-07:00,3,4
index.js,28,js,2ff55644,Zihan Zhang,2026-04-24,21:57:06,-07:00,2026-04-24T21:57:06-07:00,3,3
index.js,29,js,2ff55644,Zihan Zhang,2026-04-24,21:57:06,-07:00,2026-04-24T21:57:06-07:00,4,16
index.js,30,js,2ff55644,Zihan Zhang,2026-04-24,21:57:06,-07:00,2026-04-24T21:57:06-07:00,4,30
index.js,31,js,2ff55644,Zihan Zhang,2026-04-24,21:57:06,-07:00,2026-04-24T21:57:06-07:00,3,4
index.js,32,js,d7717740,Zihan Zhang,2026-04-24,21:36:12,-07:00,2026-04-24T21:36:12-07:00,2,3
index.js,33,js,d7717740,Zihan Zhang,2026-04-24,21:36:12,-07:00,2026-04-24T21:36:12-07:00,1,0
index.js,34,js,d7717740,Zihan Zhang,2026-04-24,21:36:12,-07:00,2026-04-24T21:36:12-07:00,0,0
index.html,1,html,e22d7f7a,Zihan Zhang,2026-04-03,19:01:00,-07:00,2026-04-03T19:01:00-07:00,0,13
index.html,2,html,e22d7f7a,Zihan Zhang,2026-04-03,19:01:00,-07:00,2026-04-03T19:01:00-07:00,0,14
index.html,3,html,e22d7f7a,Zihan Zhang,2026-04-03,19:01:00,-07:00,2026-04-03T19:01:00-07:00,0,4
index.html,4,html,e22d7f7a,Zihan Zhang,2026-04-03,19:01:00,-07:00,2026-04-03T19:01:00-07:00,1,22
index.html,5,html,e22d7f7a,Zihan Zhang,2026-04-03,19:01:00,-07:00,2026-04-03T19:01:00-07:00,1,70
index.html,6,html,7423dbb9,Zihan Zhang,2026-05-01,21:42:35,-07:00,2026-05-01T21:42:35-07:00,1,17
index.html,7,html,a055c57f,Zihan Zhang,2026-04-03,19:34:43,-07:00,2026-04-03T19:34:43-07:00,1,40
index.html,8,html,b2411f3b,Zihan Zhang,2026-04-17,21:49:09,-07:00,2026-04-17T21:49:09-07:00,1,45
index.html,9,html,47e8deb8,Zihan Zhang,2026-04-24,21:29:29,-07:00,2026-04-24T21:29:29-07:00,1,44
index.html,10,html,e22d7f7a,Zihan Zhang,2026-04-03,19:01:00,-07:00,2026-04-03T19:01:00-07:00,0,5
index.html,11,html,e22d7f7a,Zihan Zhang,2026-04-03,19:01:00,-07:00,2026-04-03T19:01:00-07:00,0,4
index.html,12,html,e7229c83,Zihan Zhang,2026-04-03,19:33:03,-07:00,2026-04-03T19:33:03-07:00,1,18
index.html,13,html,e22d7f7a,Zihan Zhang,2026-04-03,19:01:00,-07:00,2026-04-03T19:01:00-07:00,1,1
index.html,14,html,e7229c83,Zihan Zhang,2026-04-03,19:33:03,-07:00,2026-04-03T19:33:03-07:00,2,70
index.html,15,html,e22d7f7a,Zihan Zhang,2026-04-03,19:01:00,-07:00,2026-04-03T19:01:00-07:00,2,40
index.html,16,html,89bc2f4a,Zihan Zhang,2026-04-03,20:19:20,-07:00,2026-04-03T20:19:20-07:00,0,0
index.html,17,html,5ff11e7c,Zihan Zhang,2026-04-17,23:12:07,-07:00,2026-04-17T23:12:07-07:00,2,63
index.html,18,html,e22d7f7a,Zihan Zhang,2026-04-03,19:01:00,-07:00,2026-04-03T19:01:00-07:00,1,2
index.html,19,html,e7229c83,Zihan Zhang,2026-04-03,19:33:03,-07:00,2026-04-03T19:33:03-07:00,0,0
index.html,20,html,5ff11e7c,Zihan Zhang,2026-04-17,23:12:07,-07:00,2026-04-17T23:12:07-07:00,1,91
index.html,21,html,47e8deb8,Zihan Zhang,2026-04-24,21:29:29,-07:00,2026-04-24T21:29:29-07:00,0,0
index.html,22,html,47e8deb8,Zihan Zhang,2026-04-24,21:29:29,-07:00,2026-04-24T21:29:29-07:00,1,22
index.html,23,html,47e8deb8,Zihan Zhang,2026-04-24,21:29:29,-07:00,2026-04-24T21:29:29-07:00,1,26
index.html,24,html,d7717740,Zihan Zhang,2026-04-24,21:36:12,-07:00,2026-04-24T21:36:12-07:00,1,0
index.html,25,html,d7717740,Zihan Zhang,2026-04-24,21:36:12,-07:00,2026-04-24T21:36:12-07:00,1,27
index.html,26,html,d7717740,Zihan Zhang,2026-04-24,21:36:12,-07:00,2026-04-24T21:36:12-07:00,1,28
index.html,27,html,e22d7f7a,Zihan Zhang,2026-04-03,19:01:00,-07:00,2026-04-03T19:01:00-07:00,0,5
index.html,28,html,e22d7f7a,Zihan Zhang,2026-04-03,19:01:00,-07:00,2026-04-03T19:01:00-07:00,0,5
global.js,1,js,b2411f3b,Zihan Zhang,2026-04-17,21:49:09,-07:00,2026-04-17T21:49:09-07:00,0,25
global.js,2,js,b2411f3b,Zihan Zhang,2026-04-17,21:49:09,-07:00,2026-04-17T21:49:09-07:00,0,0
global.js,3,js,b2411f3b,Zihan Zhang,2026-04-17,21:49:09,-07:00,2026-04-17T21:49:09-07:00,0,41
global.js,4,js,46627217,Zihan Zhang,2026-04-17,21:52:54,-07:00,2026-04-17T21:52:54-07:00,1,52
global.js,5,js,978d4dac,Zihan Zhang,2026-04-17,21:56:12,-07:00,2026-04-17T21:56:12-07:00,0,0
global.js,6,js,978d4dac,Zihan Zhang,2026-04-17,21:56:12,-07:00,2026-04-17T21:56:12-07:00,0,0
global.js,7,js,d14b27cc,Zihan Zhang,2026-04-17,22:20:50,-07:00,2026-04-17T22:20:50-07:00,0,15
global.js,8,js,d14b27cc,Zihan Zhang,2026-04-17,22:20:50,-07:00,2026-04-17T22:20:50-07:00,1,68
global.js,9,js,d14b27cc,Zihan Zhang,2026-04-17,22:20:50,-07:00,2026-04-17T22:20:50-07:00,2,3
global.js,10,js,d14b27cc,Zihan Zhang,2026-04-17,22:20:50,-07:00,2026-04-17T22:20:50-07:00,2,14
global.js,11,js,9ec6f2ed,Zihan Zhang,2026-04-17,22:17:28,-07:00,2026-04-17T22:17:28-07:00,0,0
global.js,12,js,c346596c,Zihan Zhang,2026-04-17,22:14:38,-07:00,2026-04-17T22:14:38-07:00,0,11
global.js,13,js,c346596c,Zihan Zhang,2026-04-17,22:14:38,-07:00,2026-04-17T22:14:38-07:00,1,25
global.js,14,js,c346596c,Zihan Zhang,2026-04-17,22:14:38,-07:00,2026-04-17T22:14:38-07:00,1,38
global.js,15,js,c346596c,Zihan Zhang,2026-04-17,22:14:38,-07:00,2026-04-17T22:14:38-07:00,1,36
global.js,16,js,c346596c,Zihan Zhang,2026-04-17,22:14:38,-07:00,2026-04-17T22:14:38-07:00,1,26
global.js,17,js,9aa5735a,Zihan Zhang,2026-05-08,20:53:41,-07:00,2026-05-08T20:53:41-07:00,1,30
global.js,18,js,c346596c,Zihan Zhang,2026-04-17,22:14:38,-07:00,2026-04-17T22:14:38-07:00,1,58
global.js,19,js,c346596c,Zihan Zhang,2026-04-17,22:14:38,-07:00,2026-04-17T22:14:38-07:00,0,0
global.js,20,js,24bb3eb6,Zihan Zhang,2026-04-17,21:59:56,-07:00,2026-04-17T21:59:56-07:00,0,0
global.js,21,js,c346596c,Zihan Zhang,2026-04-17,22:14:38,-07:00,2026-04-17T22:14:38-07:00,0,38
global.js,22,js,c346596c,Zihan Zhang,2026-04-17,22:14:38,-07:00,2026-04-17T22:14:38-07:00,0,25
global.js,23,js,24bb3eb6,Zihan Zhang,2026-04-17,21:59:56,-07:00,2026-04-17T21:59:56-07:00,0,0
global.js,24,js,c346596c,Zihan Zhang,2026-04-17,22:14:38,-07:00,2026-04-17T22:14:38-07:00,0,20
global.js,25,js,d14b27cc,Zihan Zhang,2026-04-17,22:20:50,-07:00,2026-04-17T22:20:50-07:00,1,62
global.js,26,js,9ec6f2ed,Zihan Zhang,2026-04-17,22:17:28,-07:00,2026-04-17T22:17:28-07:00,0,0
global.js,27,js,9ec6f2ed,Zihan Zhang,2026-04-17,22:17:28,-07:00,2026-04-17T22:17:28-07:00,1,34
global.js,28,js,9ec6f2ed,Zihan Zhang,2026-04-17,22:17:28,-07:00,2026-04-17T22:17:28-07:00,1,11
global.js,29,js,d14b27cc,Zihan Zhang,2026-04-17,22:20:50,-07:00,2026-04-17T22:20:50-07:00,1,22
global.js,30,js,9ec6f2ed,Zihan Zhang,2026-04-17,22:17:28,-07:00,2026-04-17T22:17:28-07:00,0,0
global.js,31,js,9ec6f2ed,Zihan Zhang,2026-04-17,22:17:28,-07:00,2026-04-17T22:17:28-07:00,1,65
global.js,32,js,9ec6f2ed,Zihan Zhang,2026-04-17,22:17:28,-07:00,2026-04-17T22:17:28-07:00,2,25
global.js,33,js,9ec6f2ed,Zihan Zhang,2026-04-17,22:17:28,-07:00,2026-04-17T22:17:28-07:00,1,0
global.js,34,js,9ec6f2ed,Zihan Zhang,2026-04-17,22:17:28,-07:00,2026-04-17T22:17:28-07:00,0,0
global.js,35,js,9ec6f2ed,Zihan Zhang,2026-04-17,22:17:28,-07:00,2026-04-17T22:17:28-07:00,1,29
global.js,36,js,9ec6f2ed,Zihan Zhang,2026-04-17,22:17:28,-07:00,2026-04-17T22:17:28-07:00,2,18
global.js,37,js,d14b27cc,Zihan Zhang,2026-04-17,22:20:50,-07:00,2026-04-17T22:20:50-07:00,2,28
global.js,38,js,9ec6f2ed,Zihan Zhang,2026-04-17,22:17:28,-07:00,2026-04-17T22:17:28-07:00,1,0
global.js,39,js,9ec6f2ed,Zihan Zhang,2026-04-17,22:17:28,-07:00,2026-04-17T22:17:28-07:00,0,0
global.js,40,js,9ec6f2ed,Zihan Zhang,2026-04-17,22:17:28,-07:00,2026-04-17T22:17:28-07:00,1,12
global.js,41,js,4bd77620,Zihan Zhang,2026-04-17,22:39:01,-07:00,2026-04-17T22:39:01-07:00,0,0
global.js,42,js,4bd77620,Zihan Zhang,2026-04-17,22:39:01,-07:00,2026-04-17T22:39:01-07:00,0,0
global.js,43,js,550038f3,Zihan Zhang,2026-04-24,21:51:50,-07:00,2026-04-24T21:51:50-07:00,0,21
global.js,44,js,550038f3,Zihan Zhang,2026-04-24,21:51:50,-07:00,2026-04-24T21:51:50-07:00,1,12
global.js,45,js,4bd77620,Zihan Zhang,2026-04-17,22:39:01,-07:00,2026-04-17T22:39:01-07:00,1,0
global.js,46,js,df7dc788,Zihan Zhang,2026-04-24,20:51:14,-07:00,2026-04-24T20:51:14-07:00,2,45
global.js,47,js,4bd77620,Zihan Zhang,2026-04-17,22:39:01,-07:00,2026-04-17T22:39:01-07:00,3,4
global.js,48,js,df7dc788,Zihan Zhang,2026-04-24,20:51:14,-07:00,2026-04-24T20:51:14-07:00,3,44
global.js,49,js,4bd77620,Zihan Zhang,2026-04-17,22:39:01,-07:00,2026-04-17T22:39:01-07:00,4,43
global.js,50,js,4bd77620,Zihan Zhang,2026-04-17,22:39:01,-07:00,2026-04-17T22:39:01-07:00,4,34
global.js,51,js,4bd77620,Zihan Zhang,2026-04-17,22:39:01,-07:00,2026-04-17T22:39:01-07:00,4,32
global.js,52,js,4bd77620,Zihan Zhang,2026-04-17,22:39:01,-07:00,2026-04-17T22:39:01-07:00,3,7
global.js,53,js,4bd77620,Zihan Zhang,2026-04-17,22:39:01,-07:00,2026-04-17T22:39:01-07:00,2,6
global.js,54,js,4bd77620,Zihan Zhang,2026-04-17,22:39:01,-07:00,2026-04-17T22:39:01-07:00,1,0
global.js,55,js,4bd77620,Zihan Zhang,2026-04-17,22:39:01,-07:00,2026-04-17T22:39:01-07:00,0,0
global.js,56,js,4bd77620,Zihan Zhang,2026-04-17,22:39:01,-07:00,2026-04-17T22:39:01-07:00,0,0
global.js,57,js,4bd77620,Zihan Zhang,2026-04-17,22:39:01,-07:00,2026-04-17T22:39:01-07:00,0,58
global.js,58,js,4bd77620,Zihan Zhang,2026-04-17,22:39:01,-07:00,2026-04-17T22:39:01-07:00,0,0
global.js,59,js,8b544a4d,Zihan Zhang,2026-04-17,22:41:42,-07:00,2026-04-17T22:41:42-07:00,0,57
global.js,60,js,8b544a4d,Zihan Zhang,2026-04-17,22:41:42,-07:00,2026-04-17T22:41:42-07:00,0,70
global.js,61,js,8b544a4d,Zihan Zhang,2026-04-17,22:41:42,-07:00,2026-04-17T22:41:42-07:00,0,25
global.js,62,js,8b544a4d,Zihan Zhang,2026-04-17,22:41:42,-07:00,2026-04-17T22:41:42-07:00,0,0
global.js,63,js,4bd77620,Zihan Zhang,2026-04-17,22:39:01,-07:00,2026-04-17T22:39:01-07:00,0,49
global.js,64,js,8b544a4d,Zihan Zhang,2026-04-17,22:41:42,-07:00,2026-04-17T22:41:42-07:00,1,30
global.js,65,js,8b544a4d,Zihan Zhang,2026-04-17,22:41:42,-07:00,2026-04-17T22:41:42-07:00,1,65
global.js,66,js,8b544a4d,Zihan Zhang,2026-04-17,22:41:42,-07:00,2026-04-17T22:41:42-07:00,1,32
global.js,67,js,37bd3dfb,Zihan Zhang,2026-04-24,20:44:52,-07:00,2026-04-24T20:44:52-07:00,0,1
global.js,68,js,37bd3dfb,Zihan Zhang,2026-04-24,20:44:52,-07:00,2026-04-24T20:44:52-07:00,0,0
global.js,69,js,37bd3dfb,Zihan Zhang,2026-04-24,20:44:52,-07:00,2026-04-24T20:44:52-07:00,0,36
global.js,70,js,37bd3dfb,Zihan Zhang,2026-04-24,20:44:52,-07:00,2026-04-24T20:44:52-07:00,1,3
global.js,71,js,37bd3dfb,Zihan Zhang,2026-04-24,20:44:52,-07:00,2026-04-24T20:44:52-07:00,2,30
global.js,72,js,37bd3dfb,Zihan Zhang,2026-04-24,20:44:52,-07:00,2026-04-24T20:44:52-07:00,2,17
global.js,73,js,37bd3dfb,Zihan Zhang,2026-04-24,20:44:52,-07:00,2026-04-24T20:44:52-07:00,3,66
global.js,74,js,37bd3dfb,Zihan Zhang,2026-04-24,20:44:52,-07:00,2026-04-24T20:44:52-07:00,2,0
global.js,75,js,37bd3dfb,Zihan Zhang,2026-04-24,20:44:52,-07:00,2026-04-24T20:44:52-07:00,2,27
global.js,76,js,37bd3dfb,Zihan Zhang,2026-04-24,20:44:52,-07:00,2026-04-24T20:44:52-07:00,1,15
global.js,77,js,37bd3dfb,Zihan Zhang,2026-04-24,20:44:52,-07:00,2026-04-24T20:44:52-07:00,2,59
global.js,78,js,37bd3dfb,Zihan Zhang,2026-04-24,20:44:52,-07:00,2026-04-24T20:44:52-07:00,1,0
global.js,79,js,df7dc788,Zihan Zhang,2026-04-24,20:51:14,-07:00,2026-04-24T20:51:14-07:00,0,0
global.js,80,js,df7dc788,Zihan Zhang,2026-04-24,20:51:14,-07:00,2026-04-24T20:51:14-07:00,0,0
global.js,81,js,d7717740,Zihan Zhang,2026-04-24,21:36:12,-07:00,2026-04-24T21:36:12-07:00,0,47
global.js,82,js,d7717740,Zihan Zhang,2026-04-24,21:36:12,-07:00,2026-04-24T21:36:12-07:00,1,59
global.js,83,js,d7717740,Zihan Zhang,2026-04-24,21:36:12,-07:00,2026-04-24T21:36:12-07:00,0,0
global.js,84,js,d7717740,Zihan Zhang,2026-04-24,21:36:12,-07:00,2026-04-24T21:36:12-07:00,0,0
global.js,85,js,df7dc788,Zihan Zhang,2026-04-24,20:51:14,-07:00,2026-04-24T20:51:14-07:00,0,79
global.js,86,js,df7dc788,Zihan Zhang,2026-04-24,20:51:14,-07:00,2026-04-24T20:51:14-07:00,1,30
global.js,87,js,df7dc788,Zihan Zhang,2026-04-24,20:51:14,-07:00,2026-04-24T20:51:14-07:00,0,0
global.js,88,js,df7dc788,Zihan Zhang,2026-04-24,20:51:14,-07:00,2026-04-24T20:51:14-07:00,1,29
global.js,89,js,df7dc788,Zihan Zhang,2026-04-24,20:51:14,-07:00,2026-04-24T20:51:14-07:00,2,48
global.js,90,js,9a3fd90e,Zihan Zhang,2026-05-01,21:40:17,-07:00,2026-05-01T21:40:17-07:00,2,0
global.js,91,js,df7dc788,Zihan Zhang,2026-04-24,20:51:14,-07:00,2026-04-24T20:51:14-07:00,2,19
global.js,92,js,df7dc788,Zihan Zhang,2026-04-24,20:51:14,-07:00,2026-04-24T20:51:14-07:00,3,49
global.js,93,js,df7dc788,Zihan Zhang,2026-04-24,20:51:14,-07:00,2026-04-24T20:51:14-07:00,3,49
global.js,94,js,9a3fd90e,Zihan Zhang,2026-05-01,21:40:17,-07:00,2026-05-01T21:40:17-07:00,3,24
global.js,95,js,9a3fd90e,Zihan Zhang,2026-05-01,21:40:17,-07:00,2026-05-01T21:40:17-07:00,4,27
global.js,96,js,9a3fd90e,Zihan Zhang,2026-05-01,21:40:17,-07:00,2026-05-01T21:40:17-07:00,4,41
global.js,97,js,9a3fd90e,Zihan Zhang,2026-05-01,21:40:17,-07:00,2026-05-01T21:40:17-07:00,3,4
global.js,98,js,df7dc788,Zihan Zhang,2026-04-24,20:51:14,-07:00,2026-04-24T20:51:14-07:00,2,0
global.js,99,js,df7dc788,Zihan Zhang,2026-04-24,20:51:14,-07:00,2026-04-24T20:51:14-07:00,0,0
global.js,100,js,df7dc788,Zihan Zhang,2026-04-24,20:51:14,-07:00,2026-04-24T20:51:14-07:00,2,36
global.js,101,js,df7dc788,Zihan Zhang,2026-04-24,20:51:14,-07:00,2026-04-24T20:51:14-07:00,1,0
global.js,102,js,37bd3dfb,Zihan Zhang,2026-04-24,20:44:52,-07:00,2026-04-24T20:44:52-07:00,0,0
projects\projects.js,1,js,b4d3d316,Zihan Zhang,2026-04-24,20:57:54,-07:00,2026-04-24T20:57:54-07:00,0,55
projects\projects.js,2,js,37c780aa,Zihan Zhang,2026-05-01,21:56:29,-07:00,2026-05-01T21:56:29-07:00,0,59
projects\projects.js,3,js,b4d3d316,Zihan Zhang,2026-04-24,20:57:54,-07:00,2026-04-24T20:57:54-07:00,0,0
projects\projects.js,4,js,b4d3d316,Zihan Zhang,2026-04-24,20:57:54,-07:00,2026-04-24T20:57:54-07:00,0,55
projects\projects.js,5,js,b4d3d316,Zihan Zhang,2026-04-24,20:57:54,-07:00,2026-04-24T20:57:54-07:00,0,60
projects\projects.js,6,js,b4d3d316,Zihan Zhang,2026-04-24,20:57:54,-07:00,2026-04-24T20:57:54-07:00,0,62
projects\projects.js,7,js,0b8f3b04,Zihan Zhang,2026-05-01,22:45:28,-07:00,2026-05-01T22:45:28-07:00,0,55
projects\projects.js,8,js,0b8f3b04,Zihan Zhang,2026-05-01,22:45:28,-07:00,2026-05-01T22:45:28-07:00,0,0
projects\projects.js,9,js,0b8f3b04,Zihan Zhang,2026-05-01,22:45:28,-07:00,2026-05-01T22:45:28-07:00,0,13
projects\projects.js,10,js,69594902,Zihan Zhang,2026-05-01,23:37:03,-07:00,2026-05-01T23:37:03-07:00,0,22
projects\projects.js,11,js,b4d3d316,Zihan Zhang,2026-04-24,20:57:54,-07:00,2026-04-24T20:57:54-07:00,0,0
projects\projects.js,12,js,2c6c152b,Zihan Zhang,2026-05-01,23:22:45,-07:00,2026-05-01T23:22:45-07:00,0,30
projects\projects.js,13,js,2c6c152b,Zihan Zhang,2026-05-01,23:22:45,-07:00,2026-05-01T23:22:45-07:00,1,43
projects\projects.js,14,js,2c6c152b,Zihan Zhang,2026-05-01,23:22:45,-07:00,2026-05-01T23:22:45-07:00,2,59
projects\projects.js,15,js,2c6c152b,Zihan Zhang,2026-05-01,23:22:45,-07:00,2026-05-01T23:22:45-07:00,2,42
projects\projects.js,16,js,2c6c152b,Zihan Zhang,2026-05-01,23:22:45,-07:00,2026-05-01T23:22:45-07:00,1,1
projects\projects.js,17,js,2c6c152b,Zihan Zhang,2026-05-01,23:22:45,-07:00,2026-05-01T23:22:45-07:00,0,0
projects\projects.js,18,js,69594902,Zihan Zhang,2026-05-01,23:37:03,-07:00,2026-05-01T23:37:03-07:00,1,17
projects\projects.js,19,js,69594902,Zihan Zhang,2026-05-01,23:37:03,-07:00,2026-05-01T23:37:03-07:00,2,69
projects\projects.js,20,js,2c6c152b,Zihan Zhang,2026-05-01,23:22:45,-07:00,2026-05-01T23:22:45-07:00,1,0
projects\projects.js,21,js,2c6c152b,Zihan Zhang,2026-05-01,23:22:45,-07:00,2026-05-01T23:22:45-07:00,0,0
projects\projects.js,22,js,2c6c152b,Zihan Zhang,2026-05-01,23:22:45,-07:00,2026-05-01T23:22:45-07:00,1,14
projects\projects.js,23,js,2c6c152b,Zihan Zhang,2026-05-01,23:22:45,-07:00,2026-05-01T23:22:45-07:00,0,0
projects\projects.js,24,js,2c6c152b,Zihan Zhang,2026-05-01,23:22:45,-07:00,2026-05-01T23:22:45-07:00,0,0
projects\projects.js,25,js,a5e0f5d2,Zihan Zhang,2026-05-01,22:57:23,-07:00,2026-05-01T22:57:23-07:00,0,38
projects\projects.js,26,js,a5e0f5d2,Zihan Zhang,2026-05-01,22:57:23,-07:00,2026-05-01T22:57:23-07:00,1,42
projects\projects.js,27,js,a5e0f5d2,Zihan Zhang,2026-05-01,22:57:23,-07:00,2026-05-01T22:57:23-07:00,1,34
projects\projects.js,28,js,a5e0f5d2,Zihan Zhang,2026-05-01,22:57:23,-07:00,2026-05-01T22:57:23-07:00,0,0
projects\projects.js,29,js,a5e0f5d2,Zihan Zhang,2026-05-01,22:57:23,-07:00,2026-05-01T22:57:23-07:00,1,26
projects\projects.js,30,js,a5e0f5d2,Zihan Zhang,2026-05-01,22:57:23,-07:00,2026-05-01T22:57:23-07:00,1,29
projects\projects.js,31,js,a5e0f5d2,Zihan Zhang,2026-05-01,22:57:23,-07:00,2026-05-01T22:57:23-07:00,0,0
projects\projects.js,32,js,a5e0f5d2,Zihan Zhang,2026-05-01,22:57:23,-07:00,2026-05-01T22:57:23-07:00,1,20
projects\projects.js,33,js,a5e0f5d2,Zihan Zhang,2026-05-01,22:57:23,-07:00,2026-05-01T22:57:23-07:00,2,12
projects\projects.js,34,js,a5e0f5d2,Zihan Zhang,2026-05-01,22:57:23,-07:00,2026-05-01T22:57:23-07:00,2,24
projects\projects.js,35,js,a5e0f5d2,Zihan Zhang,2026-05-01,22:57:23,-07:00,2026-05-01T22:57:23-07:00,2,12
projects\projects.js,36,js,a5e0f5d2,Zihan Zhang,2026-05-01,22:57:23,-07:00,2026-05-01T22:57:23-07:00,1,25
projects\projects.js,37,js,a5e0f5d2,Zihan Zhang,2026-05-01,22:57:23,-07:00,2026-05-01T22:57:23-07:00,2,11
projects\projects.js,38,js,a5e0f5d2,Zihan Zhang,2026-05-01,22:57:23,-07:00,2026-05-01T22:57:23-07:00,2,10
projects\projects.js,39,js,a5e0f5d2,Zihan Zhang,2026-05-01,22:57:23,-07:00,2026-05-01T22:57:23-07:00,1,2
projects\projects.js,40,js,a5e0f5d2,Zihan Zhang,2026-05-01,22:57:23,-07:00,2026-05-01T22:57:23-07:00,0,0
projects\projects.js,41,js,a5e0f5d2,Zihan Zhang,2026-05-01,22:57:23,-07:00,2026-05-01T22:57:23-07:00,1,50
projects\projects.js,42,js,a5e0f5d2,Zihan Zhang,2026-05-01,22:57:23,-07:00,2026-05-01T22:57:23-07:00,0,0
projects\projects.js,43,js,69594902,Zihan Zhang,2026-05-01,23:37:03,-07:00,2026-05-01T23:37:03-07:00,1,64
projects\projects.js,44,js,69594902,Zihan Zhang,2026-05-01,23:37:03,-07:00,2026-05-01T23:37:03-07:00,2,18
projects\projects.js,45,js,2c6c152b,Zihan Zhang,2026-05-01,23:22:45,-07:00,2026-05-01T23:22:45-07:00,1,0
projects\projects.js,46,js,2c6c152b,Zihan Zhang,2026-05-01,23:22:45,-07:00,2026-05-01T23:22:45-07:00,0,0
projects\projects.js,47,js,a5e0f5d2,Zihan Zhang,2026-05-01,22:57:23,-07:00,2026-05-01T22:57:23-07:00,1,57
projects\projects.js,48,js,a5e0f5d2,Zihan Zhang,2026-05-01,22:57:23,-07:00,2026-05-01T22:57:23-07:00,1,50
projects\projects.js,49,js,a5e0f5d2,Zihan Zhang,2026-05-01,22:57:23,-07:00,2026-05-01T22:57:23-07:00,1,33
projects\projects.js,50,js,a5e0f5d2,Zihan Zhang,2026-05-01,22:57:23,-07:00,2026-05-01T22:57:23-07:00,0,0
projects\projects.js,51,js,a5e0f5d2,Zihan Zhang,2026-05-01,22:57:23,-07:00,2026-05-01T22:57:23-07:00,1,47
projects\projects.js,52,js,a5e0f5d2,Zihan Zhang,2026-05-01,22:57:23,-07:00,2026-05-01T22:57:23-07:00,0,0
projects\projects.js,53,js,2c6c152b,Zihan Zhang,2026-05-01,23:22:45,-07:00,2026-05-01T23:22:45-07:00,1,36
projects\projects.js,54,js,a5e0f5d2,Zihan Zhang,2026-05-01,22:57:23,-07:00,2026-05-01T22:57:23-07:00,2,16
projects\projects.js,55,js,69594902,Zihan Zhang,2026-05-01,23:37:03,-07:00,2026-05-01T23:37:03-07:00,3,32
projects\projects.js,56,js,fdddff2d,Zihan Zhang,2026-05-01,23:12:26,-07:00,2026-05-01T23:12:26-07:00,3,26
projects\projects.js,57,js,69594902,Zihan Zhang,2026-05-01,23:37:03,-07:00,2026-05-01T23:37:03-07:00,3,68
projects\projects.js,58,js,fdddff2d,Zihan Zhang,2026-05-01,23:12:26,-07:00,2026-05-01T23:12:26-07:00,3,18
projects\projects.js,59,js,69594902,Zihan Zhang,2026-05-01,23:37:03,-07:00,2026-05-01T23:37:03-07:00,4,79
projects\projects.js,60,js,2c6c152b,Zihan Zhang,2026-05-01,23:22:45,-07:00,2026-05-01T23:22:45-07:00,4,11
projects\projects.js,61,js,6b227abb,Zihan Zhang,2026-05-01,23:17:25,-07:00,2026-05-01T23:17:25-07:00,3,1
projects\projects.js,62,js,6b227abb,Zihan Zhang,2026-05-01,23:17:25,-07:00,2026-05-01T23:17:25-07:00,1,1
projects\projects.js,63,js,a5e0f5d2,Zihan Zhang,2026-05-01,22:57:23,-07:00,2026-05-01T22:57:23-07:00,0,0
projects\projects.js,64,js,a5e0f5d2,Zihan Zhang,2026-05-01,22:57:23,-07:00,2026-05-01T22:57:23-07:00,1,26
projects\projects.js,65,js,a5e0f5d2,Zihan Zhang,2026-05-01,22:57:23,-07:00,2026-05-01T22:57:23-07:00,2,17
projects\projects.js,66,js,a5e0f5d2,Zihan Zhang,2026-05-01,22:57:23,-07:00,2026-05-01T22:57:23-07:00,3,41
projects\projects.js,67,js,69594902,Zihan Zhang,2026-05-01,23:37:03,-07:00,2026-05-01T23:37:03-07:00,3,56
projects\projects.js,68,js,2c6c152b,Zihan Zhang,2026-05-01,23:22:45,-07:00,2026-05-01T23:22:45-07:00,3,68
projects\projects.js,69,js,2c6c152b,Zihan Zhang,2026-05-01,23:22:45,-07:00,2026-05-01T23:22:45-07:00,3,18
projects\projects.js,70,js,69594902,Zihan Zhang,2026-05-01,23:37:03,-07:00,2026-05-01T23:37:03-07:00,4,55
projects\projects.js,71,js,2c6c152b,Zihan Zhang,2026-05-01,23:22:45,-07:00,2026-05-01T23:22:45-07:00,4,11
projects\projects.js,72,js,2c6c152b,Zihan Zhang,2026-05-01,23:22:45,-07:00,2026-05-01T23:22:45-07:00,3,1
projects\projects.js,73,js,a5e0f5d2,Zihan Zhang,2026-05-01,22:57:23,-07:00,2026-05-01T22:57:23-07:00,1,1
projects\projects.js,74,js,a5e0f5d2,Zihan Zhang,2026-05-01,22:57:23,-07:00,2026-05-01T22:57:23-07:00,0,0
projects\projects.js,75,js,a5e0f5d2,Zihan Zhang,2026-05-01,22:57:23,-07:00,2026-05-01T22:57:23-07:00,0,0
projects\projects.js,76,js,69594902,Zihan Zhang,2026-05-01,23:37:03,-07:00,2026-05-01T23:37:03-07:00,0,21
projects\projects.js,77,js,69594902,Zihan Zhang,2026-05-01,23:37:03,-07:00,2026-05-01T23:37:03-07:00,1,43
projects\projects.js,78,js,69594902,Zihan Zhang,2026-05-01,23:37:03,-07:00,2026-05-01T23:37:03-07:00,0,0
projects\projects.js,79,js,69594902,Zihan Zhang,2026-05-01,23:37:03,-07:00,2026-05-01T23:37:03-07:00,1,56
projects\projects.js,80,js,69594902,Zihan Zhang,2026-05-01,23:37:03,-07:00,2026-05-01T23:37:03-07:00,1,64
projects\projects.js,81,js,69594902,Zihan Zhang,2026-05-01,23:37:03,-07:00,2026-05-01T23:37:03-07:00,1,31
projects\projects.js,82,js,69594902,Zihan Zhang,2026-05-01,23:37:03,-07:00,2026-05-01T23:37:03-07:00,0,0
projects\projects.js,83,js,69594902,Zihan Zhang,2026-05-01,23:37:03,-07:00,2026-05-01T23:37:03-07:00,0,0
projects\projects.js,84,js,2c6c152b,Zihan Zhang,2026-05-01,23:22:45,-07:00,2026-05-01T23:22:45-07:00,0,11
projects\projects.js,85,js,1abee9d5,Zihan Zhang,2026-05-01,22:42:16,-07:00,2026-05-01T22:42:16-07:00,0,0
projects\projects.js,86,js,1abee9d5,Zihan Zhang,2026-05-01,22:42:16,-07:00,2026-05-01T22:42:16-07:00,0,48
projects\projects.js,87,js,1abee9d5,Zihan Zhang,2026-05-01,22:42:16,-07:00,2026-05-01T22:42:16-07:00,1,25
projects\projects.js,88,js,2c6c152b,Zihan Zhang,2026-05-01,23:22:45,-07:00,2026-05-01T23:22:45-07:00,1,11
projects\projects.js,89,js,a07fcbb5,Zihan Zhang,2026-05-01,22:05:46,-07:00,2026-05-01T22:05:46-07:00,0,1
projects\index.html,1,html,6fa2d3fe,Zihan Zhang,2026-04-03,19:50:53,-07:00,2026-04-03T19:50:53-07:00,0,13
projects\index.html,2,html,6fa2d3fe,Zihan Zhang,2026-04-03,19:50:53,-07:00,2026-04-03T19:50:53-07:00,0,14
projects\index.html,3,html,6fa2d3fe,Zihan Zhang,2026-04-03,19:50:53,-07:00,2026-04-03T19:50:53-07:00,0,4
projects\index.html,4,html,6fa2d3fe,Zihan Zhang,2026-04-03,19:50:53,-07:00,2026-04-03T19:50:53-07:00,1,22
projects\index.html,5,html,6fa2d3fe,Zihan Zhang,2026-04-03,19:50:53,-07:00,2026-04-03T19:50:53-07:00,1,70
projects\index.html,6,html,6fa2d3fe,Zihan Zhang,2026-04-03,19:50:53,-07:00,2026-04-03T19:50:53-07:00,1,21
projects\index.html,7,html,6fa2d3fe,Zihan Zhang,2026-04-03,19:50:53,-07:00,2026-04-03T19:50:53-07:00,1,43
projects\index.html,8,html,b2411f3b,Zihan Zhang,2026-04-17,21:49:09,-07:00,2026-04-17T21:49:09-07:00,1,48
projects\index.html,9,html,b4d3d316,Zihan Zhang,2026-04-24,20:57:54,-07:00,2026-04-24T20:57:54-07:00,1,47
projects\index.html,10,html,6fa2d3fe,Zihan Zhang,2026-04-03,19:50:53,-07:00,2026-04-03T19:50:53-07:00,0,5
projects\index.html,11,html,6fa2d3fe,Zihan Zhang,2026-04-03,19:50:53,-07:00,2026-04-03T19:50:53-07:00,0,4
projects\index.html,12,html,1737f732,Zihan Zhang,2026-05-01,21:46:33,-07:00,2026-05-01T21:46:33-07:00,1,41
projects\index.html,13,html,120ce170,Zihan Zhang,2026-05-01,22:26:51,-07:00,2026-05-01T22:26:51-07:00,1,0
projects\index.html,14,html,120ce170,Zihan Zhang,2026-05-01,22:26:51,-07:00,2026-05-01T22:26:51-07:00,1,21
projects\index.html,15,html,120ce170,Zihan Zhang,2026-05-01,22:26:51,-07:00,2026-05-01T22:26:51-07:00,2,58
projects\index.html,16,html,120ce170,Zihan Zhang,2026-05-01,22:26:51,-07:00,2026-05-01T22:26:51-07:00,2,22
projects\index.html,17,html,120ce170,Zihan Zhang,2026-05-01,22:26:51,-07:00,2026-05-01T22:26:51-07:00,1,4
projects\index.html,18,html,120ce170,Zihan Zhang,2026-05-01,22:26:51,-07:00,2026-05-01T22:26:51-07:00,1,0
projects\index.html,19,html,71262f31,Zihan Zhang,2026-05-01,22:38:29,-07:00,2026-05-01T22:38:29-07:00,1,4
projects\index.html,20,html,71262f31,Zihan Zhang,2026-05-01,22:38:29,-07:00,2026-05-01T22:38:29-07:00,2,15
projects\index.html,21,html,71262f31,Zihan Zhang,2026-05-01,22:38:29,-07:00,2026-05-01T22:38:29-07:00,2,11
projects\index.html,22,html,71262f31,Zihan Zhang,2026-05-01,22:38:29,-07:00,2026-05-01T22:38:29-07:00,2,26
projects\index.html,23,html,ac373d1c,Zihan Zhang,2026-05-01,22:39:59,-07:00,2026-05-01T22:39:59-07:00,2,31
projects\index.html,24,html,71262f31,Zihan Zhang,2026-05-01,22:38:29,-07:00,2026-05-01T22:38:29-07:00,1,0
projects\index.html,25,html,71262f31,Zihan Zhang,2026-05-01,22:38:29,-07:00,2026-05-01T22:38:29-07:00,0,0
projects\index.html,26,html,b4d3d316,Zihan Zhang,2026-04-24,20:57:54,-07:00,2026-04-24T20:57:54-07:00,1,26
projects\index.html,27,html,b4d3d316,Zihan Zhang,2026-04-24,20:57:54,-07:00,2026-04-24T20:57:54-07:00,0,5
projects\index.html,28,html,b4d3d316,Zihan Zhang,2026-04-24,20:57:54,-07:00,2026-04-24T20:57:54-07:00,0,5
meta\index.html,1,html,a9ef6f3e,Zihan Zhang,2026-05-08,20:53:43,-07:00,2026-05-08T20:53:43-07:00,0,13
meta\index.html,2,html,a9ef6f3e,Zihan Zhang,2026-05-08,20:53:43,-07:00,2026-05-08T20:53:43-07:00,0,14
meta\index.html,3,html,a9ef6f3e,Zihan Zhang,2026-05-08,20:53:43,-07:00,2026-05-08T20:53:43-07:00,0,4
meta\index.html,4,html,a9ef6f3e,Zihan Zhang,2026-05-08,20:53:43,-07:00,2026-05-08T20:53:43-07:00,1,22
meta\index.html,5,html,a9ef6f3e,Zihan Zhang,2026-05-08,20:53:43,-07:00,2026-05-08T20:53:43-07:00,1,70
meta\index.html,6,html,a9ef6f3e,Zihan Zhang,2026-05-08,20:53:43,-07:00,2026-05-08T20:53:43-07:00,1,17
meta\index.html,7,html,a9ef6f3e,Zihan Zhang,2026-05-08,20:53:43,-07:00,2026-05-08T20:53:43-07:00,1,43
meta\index.html,8,html,a9ef6f3e,Zihan Zhang,2026-05-08,20:53:43,-07:00,2026-05-08T20:53:43-07:00,1,48
meta\index.html,9,html,a9ef6f3e,Zihan Zhang,2026-05-08,20:53:43,-07:00,2026-05-08T20:53:43-07:00,0,5
meta\index.html,10,html,a9ef6f3e,Zihan Zhang,2026-05-08,20:53:43,-07:00,2026-05-08T20:53:43-07:00,0,4
meta\index.html,11,html,a9ef6f3e,Zihan Zhang,2026-05-08,20:53:43,-07:00,2026-05-08T20:53:43-07:00,1,11
meta\index.html,12,html,a9ef6f3e,Zihan Zhang,2026-05-08,20:53:43,-07:00,2026-05-08T20:53:43-07:00,1,67
meta\index.html,13,html,a9ef6f3e,Zihan Zhang,2026-05-08,20:53:43,-07:00,2026-05-08T20:53:43-07:00,0,5
meta\index.html,14,html,a9ef6f3e,Zihan Zhang,2026-05-08,20:53:43,-07:00,2026-05-08T20:53:43-07:00,0,5
cv\index.html,1,html,c591f655,Zihan Zhang,2026-04-03,20:26:04,-07:00,2026-04-03T20:26:04-07:00,0,13
cv\index.html,2,html,c591f655,Zihan Zhang,2026-04-03,20:26:04,-07:00,2026-04-03T20:26:04-07:00,0,14
cv\index.html,3,html,c591f655,Zihan Zhang,2026-04-03,20:26:04,-07:00,2026-04-03T20:26:04-07:00,0,4
cv\index.html,4,html,c591f655,Zihan Zhang,2026-04-03,20:26:04,-07:00,2026-04-03T20:26:04-07:00,1,22
cv\index.html,5,html,c591f655,Zihan Zhang,2026-04-03,20:26:04,-07:00,2026-04-03T20:26:04-07:00,1,70
cv\index.html,6,html,c591f655,Zihan Zhang,2026-04-03,20:26:04,-07:00,2026-04-03T20:26:04-07:00,1,15
cv\index.html,7,html,c591f655,Zihan Zhang,2026-04-03,20:26:04,-07:00,2026-04-03T20:26:04-07:00,1,43
cv\index.html,8,html,b2411f3b,Zihan Zhang,2026-04-17,21:49:09,-07:00,2026-04-17T21:49:09-07:00,1,48
cv\index.html,9,html,c591f655,Zihan Zhang,2026-04-03,20:26:04,-07:00,2026-04-03T20:26:04-07:00,0,5
cv\index.html,10,html,255628ad,Zihan Zhang,2026-04-10,20:28:05,-07:00,2026-04-10T20:28:05-07:00,0,20
cv\index.html,11,html,c346596c,Zihan Zhang,2026-04-17,22:14:38,-07:00,2026-04-17T22:14:38-07:00,0,0
cv\index.html,12,html,c591f655,Zihan Zhang,2026-04-03,20:26:04,-07:00,2026-04-03T20:26:04-07:00,0,0
cv\index.html,13,html,3e0c5c4a,Zihan Zhang,2026-04-10,20:45:04,-07:00,2026-04-10T20:45:04-07:00,1,22
cv\index.html,14,html,3e0c5c4a,Zihan Zhang,2026-04-10,20:45:04,-07:00,2026-04-10T20:45:04-07:00,2,23
cv\index.html,15,html,c591f655,Zihan Zhang,2026-04-03,20:26:04,-07:00,2026-04-03T20:26:04-07:00,0,0
cv\index.html,16,html,3e0c5c4a,Zihan Zhang,2026-04-10,20:45:04,-07:00,2026-04-10T20:45:04-07:00,2,7
cv\index.html,17,html,3e0c5c4a,Zihan Zhang,2026-04-10,20:45:04,-07:00,2026-04-10T20:45:04-07:00,3,14
cv\index.html,18,html,3e0c5c4a,Zihan Zhang,2026-04-10,20:45:04,-07:00,2026-04-10T20:45:04-07:00,3,27
cv\index.html,19,html,3e0c5c4a,Zihan Zhang,2026-04-10,20:45:04,-07:00,2026-04-10T20:45:04-07:00,3,113
cv\index.html,20,html,3e0c5c4a,Zihan Zhang,2026-04-10,20:45:04,-07:00,2026-04-10T20:45:04-07:00,2,8
cv\index.html,21,html,c591f655,Zihan Zhang,2026-04-03,20:26:04,-07:00,2026-04-03T20:26:04-07:00,0,0
cv\index.html,22,html,3e0c5c4a,Zihan Zhang,2026-04-10,20:45:04,-07:00,2026-04-10T20:45:04-07:00,2,7
cv\index.html,23,html,3e0c5c4a,Zihan Zhang,2026-04-10,20:45:04,-07:00,2026-04-10T20:45:04-07:00,3,16
cv\index.html,24,html,3e0c5c4a,Zihan Zhang,2026-04-10,20:45:04,-07:00,2026-04-10T20:45:04-07:00,3,7
cv\index.html,25,html,3e0c5c4a,Zihan Zhang,2026-04-10,20:45:04,-07:00,2026-04-10T20:45:04-07:00,4,6
cv\index.html,26,html,3e0c5c4a,Zihan Zhang,2026-04-10,20:45:04,-07:00,2026-04-10T20:45:04-07:00,5,42
cv\index.html,27,html,3e0c5c4a,Zihan Zhang,2026-04-10,20:45:04,-07:00,2026-04-10T20:45:04-07:00,5,23
cv\index.html,28,html,3e0c5c4a,Zihan Zhang,2026-04-10,20:45:04,-07:00,2026-04-10T20:45:04-07:00,4,7
cv\index.html,29,html,3e0c5c4a,Zihan Zhang,2026-04-10,20:45:04,-07:00,2026-04-10T20:45:04-07:00,4,1
cv\index.html,30,html,3e0c5c4a,Zihan Zhang,2026-04-10,20:45:04,-07:00,2026-04-10T20:45:04-07:00,5,33
cv\index.html,31,html,3e0c5c4a,Zihan Zhang,2026-04-10,20:45:04,-07:00,2026-04-10T20:45:04-07:00,5,31
cv\index.html,32,html,3e0c5c4a,Zihan Zhang,2026-04-10,20:45:04,-07:00,2026-04-10T20:45:04-07:00,4,2
cv\index.html,33,html,3e0c5c4a,Zihan Zhang,2026-04-10,20:45:04,-07:00,2026-04-10T20:45:04-07:00,3,8
cv\index.html,34,html,3e0c5c4a,Zihan Zhang,2026-04-10,20:45:04,-07:00,2026-04-10T20:45:04-07:00,2,8
cv\index.html,35,html,c591f655,Zihan Zhang,2026-04-03,20:26:04,-07:00,2026-04-03T20:26:04-07:00,0,0
cv\index.html,36,html,3e0c5c4a,Zihan Zhang,2026-04-10,20:45:04,-07:00,2026-04-10T20:45:04-07:00,2,7
cv\index.html,37,html,3e0c5c4a,Zihan Zhang,2026-04-10,20:45:04,-07:00,2026-04-10T20:45:04-07:00,3,13
cv\index.html,38,html,3e0c5c4a,Zihan Zhang,2026-04-10,20:45:04,-07:00,2026-04-10T20:45:04-07:00,3,2
cv\index.html,39,html,3e0c5c4a,Zihan Zhang,2026-04-10,20:45:04,-07:00,2026-04-10T20:45:04-07:00,4,13
cv\index.html,40,html,3e0c5c4a,Zihan Zhang,2026-04-10,20:45:04,-07:00,2026-04-10T20:45:04-07:00,4,11
cv\index.html,41,html,3e0c5c4a,Zihan Zhang,2026-04-10,20:45:04,-07:00,2026-04-10T20:45:04-07:00,4,10
cv\index.html,42,html,3e0c5c4a,Zihan Zhang,2026-04-10,20:45:04,-07:00,2026-04-10T20:45:04-07:00,4,13
cv\index.html,43,html,3e0c5c4a,Zihan Zhang,2026-04-10,20:45:04,-07:00,2026-04-10T20:45:04-07:00,4,20
cv\index.html,44,html,3e0c5c4a,Zihan Zhang,2026-04-10,20:45:04,-07:00,2026-04-10T20:45:04-07:00,3,3
cv\index.html,45,html,3e0c5c4a,Zihan Zhang,2026-04-10,20:45:04,-07:00,2026-04-10T20:45:04-07:00,2,8
cv\index.html,46,html,c591f655,Zihan Zhang,2026-04-03,20:26:04,-07:00,2026-04-03T20:26:04-07:00,0,0
cv\index.html,47,html,3e0c5c4a,Zihan Zhang,2026-04-10,20:45:04,-07:00,2026-04-10T20:45:04-07:00,2,7
cv\index.html,48,html,3e0c5c4a,Zihan Zhang,2026-04-10,20:45:04,-07:00,2026-04-10T20:45:04-07:00,3,15
cv\index.html,49,html,3e0c5c4a,Zihan Zhang,2026-04-10,20:45:04,-07:00,2026-04-10T20:45:04-07:00,3,7
cv\index.html,50,html,3e0c5c4a,Zihan Zhang,2026-04-10,20:45:04,-07:00,2026-04-10T20:45:04-07:00,4,6
cv\index.html,51,html,3e0c5c4a,Zihan Zhang,2026-04-10,20:45:04,-07:00,2026-04-10T20:45:04-07:00,5,23
cv\index.html,52,html,3e0c5c4a,Zihan Zhang,2026-04-10,20:45:04,-07:00,2026-04-10T20:45:04-07:00,4,7
cv\index.html,53,html,3e0c5c4a,Zihan Zhang,2026-04-10,20:45:04,-07:00,2026-04-10T20:45:04-07:00,4,1
cv\index.html,54,html,3e0c5c4a,Zihan Zhang,2026-04-10,20:45:04,-07:00,2026-04-10T20:45:04-07:00,5,85
cv\index.html,55,html,3e0c5c4a,Zihan Zhang,2026-04-10,20:45:04,-07:00,2026-04-10T20:45:04-07:00,4,2
cv\index.html,56,html,3e0c5c4a,Zihan Zhang,2026-04-10,20:45:04,-07:00,2026-04-10T20:45:04-07:00,3,8
cv\index.html,57,html,3e0c5c4a,Zihan Zhang,2026-04-10,20:45:04,-07:00,2026-04-10T20:45:04-07:00,3,7
cv\index.html,58,html,3e0c5c4a,Zihan Zhang,2026-04-10,20:45:04,-07:00,2026-04-10T20:45:04-07:00,4,6
cv\index.html,59,html,3e0c5c4a,Zihan Zhang,2026-04-10,20:45:04,-07:00,2026-04-10T20:45:04-07:00,5,26
cv\index.html,60,html,3e0c5c4a,Zihan Zhang,2026-04-10,20:45:04,-07:00,2026-04-10T20:45:04-07:00,4,7
cv\index.html,61,html,3e0c5c4a,Zihan Zhang,2026-04-10,20:45:04,-07:00,2026-04-10T20:45:04-07:00,4,1
cv\index.html,62,html,3e0c5c4a,Zihan Zhang,2026-04-10,20:45:04,-07:00,2026-04-10T20:45:04-07:00,5,95
cv\index.html,63,html,3e0c5c4a,Zihan Zhang,2026-04-10,20:45:04,-07:00,2026-04-10T20:45:04-07:00,4,2
cv\index.html,64,html,3e0c5c4a,Zihan Zhang,2026-04-10,20:45:04,-07:00,2026-04-10T20:45:04-07:00,3,8
cv\index.html,65,html,3e0c5c4a,Zihan Zhang,2026-04-10,20:45:04,-07:00,2026-04-10T20:45:04-07:00,2,8
cv\index.html,66,html,c591f655,Zihan Zhang,2026-04-03,20:26:04,-07:00,2026-04-03T20:26:04-07:00,0,0
cv\index.html,67,html,3e0c5c4a,Zihan Zhang,2026-04-10,20:45:04,-07:00,2026-04-10T20:45:04-07:00,2,7
cv\index.html,68,html,3e0c5c4a,Zihan Zhang,2026-04-10,20:45:04,-07:00,2026-04-10T20:45:04-07:00,3,17
cv\index.html,69,html,3e0c5c4a,Zihan Zhang,2026-04-10,20:45:04,-07:00,2026-04-10T20:45:04-07:00,3,55
cv\index.html,70,html,3e0c5c4a,Zihan Zhang,2026-04-10,20:45:04,-07:00,2026-04-10T20:45:04-07:00,2,8
cv\index.html,71,html,3e0c5c4a,Zihan Zhang,2026-04-10,20:45:04,-07:00,2026-04-10T20:45:04-07:00,1,5
cv\index.html,72,html,c591f655,Zihan Zhang,2026-04-03,20:26:04,-07:00,2026-04-03T20:26:04-07:00,0,5
cv\index.html,73,html,3e0c5c4a,Zihan Zhang,2026-04-10,20:45:04,-07:00,2026-04-10T20:45:04-07:00,0,5
contact\index.html,1,html,6fa2d3fe,Zihan Zhang,2026-04-03,19:50:53,-07:00,2026-04-03T19:50:53-07:00,0,13
contact\index.html,2,html,6fa2d3fe,Zihan Zhang,2026-04-03,19:50:53,-07:00,2026-04-03T19:50:53-07:00,0,14
contact\index.html,3,html,6fa2d3fe,Zihan Zhang,2026-04-03,19:50:53,-07:00,2026-04-03T19:50:53-07:00,0,4
contact\index.html,4,html,6fa2d3fe,Zihan Zhang,2026-04-03,19:50:53,-07:00,2026-04-03T19:50:53-07:00,1,22
contact\index.html,5,html,6fa2d3fe,Zihan Zhang,2026-04-03,19:50:53,-07:00,2026-04-03T19:50:53-07:00,1,70
contact\index.html,6,html,6fa2d3fe,Zihan Zhang,2026-04-03,19:50:53,-07:00,2026-04-03T19:50:53-07:00,1,20
contact\index.html,7,html,6fa2d3fe,Zihan Zhang,2026-04-03,19:50:53,-07:00,2026-04-03T19:50:53-07:00,1,43
contact\index.html,8,html,b2411f3b,Zihan Zhang,2026-04-17,21:49:09,-07:00,2026-04-17T21:49:09-07:00,1,48
contact\index.html,9,html,6fa2d3fe,Zihan Zhang,2026-04-03,19:50:53,-07:00,2026-04-03T19:50:53-07:00,0,5
contact\index.html,10,html,6fa2d3fe,Zihan Zhang,2026-04-03,19:50:53,-07:00,2026-04-03T19:50:53-07:00,0,4
contact\index.html,11,html,c346596c,Zihan Zhang,2026-04-17,22:14:38,-07:00,2026-04-17T22:14:38-07:00,0,0
contact\index.html,12,html,6fa2d3fe,Zihan Zhang,2026-04-03,19:50:53,-07:00,2026-04-03T19:50:53-07:00,0,0
contact\index.html,13,html,6fa2d3fe,Zihan Zhang,2026-04-03,19:50:53,-07:00,2026-04-03T19:50:53-07:00,1,14
contact\index.html,14,html,4a052efa,Zihan Zhang,2026-04-03,20:08:29,-07:00,2026-04-03T20:08:29-07:00,0,0
contact\index.html,15,html,4a052efa,Zihan Zhang,2026-04-03,20:08:29,-07:00,2026-04-03T20:08:29-07:00,1,71
contact\index.html,16,html,4a052efa,Zihan Zhang,2026-04-03,20:08:29,-07:00,2026-04-03T20:08:29-07:00,2,5
contact\index.html,17,html,4a052efa,Zihan Zhang,2026-04-03,20:08:29,-07:00,2026-04-03T20:08:29-07:00,3,4
contact\index.html,18,html,4a052efa,Zihan Zhang,2026-04-03,20:08:29,-07:00,2026-04-03T20:08:29-07:00,3,33
contact\index.html,19,html,4a052efa,Zihan Zhang,2026-04-03,20:08:29,-07:00,2026-04-03T20:08:29-07:00,2,6
contact\index.html,20,html,5309991a,Zihan Zhang,2026-04-10,18:53:45,-07:00,2026-04-10T18:53:45-07:00,2,0
contact\index.html,21,html,4a052efa,Zihan Zhang,2026-04-03,20:08:29,-07:00,2026-04-03T20:08:29-07:00,2,5
contact\index.html,22,html,4a052efa,Zihan Zhang,2026-04-03,20:08:29,-07:00,2026-04-03T20:08:29-07:00,3,6
contact\index.html,23,html,5309991a,Zihan Zhang,2026-04-10,18:53:45,-07:00,2026-04-10T18:53:45-07:00,3,36
contact\index.html,24,html,4a052efa,Zihan Zhang,2026-04-03,20:08:29,-07:00,2026-04-03T20:08:29-07:00,2,6
contact\index.html,25,html,5309991a,Zihan Zhang,2026-04-10,18:53:45,-07:00,2026-04-10T18:53:45-07:00,2,0
contact\index.html,26,html,4a052efa,Zihan Zhang,2026-04-03,20:08:29,-07:00,2026-04-03T20:08:29-07:00,2,5
contact\index.html,27,html,4a052efa,Zihan Zhang,2026-04-03,20:08:29,-07:00,2026-04-03T20:08:29-07:00,3,3
contact\index.html,28,html,d47be6b2,Zihan Zhang,2026-04-03,20:16:20,-07:00,2026-04-03T20:16:20-07:00,3,54
contact\index.html,29,html,4a052efa,Zihan Zhang,2026-04-03,20:08:29,-07:00,2026-04-03T20:08:29-07:00,2,6
contact\index.html,30,html,5309991a,Zihan Zhang,2026-04-10,18:53:45,-07:00,2026-04-10T18:53:45-07:00,2,0
contact\index.html,31,html,4a052efa,Zihan Zhang,2026-04-03,20:08:29,-07:00,2026-04-03T20:08:29-07:00,2,21
contact\index.html,32,html,5309991a,Zihan Zhang,2026-04-10,18:53:45,-07:00,2026-04-10T18:53:45-07:00,0,5
contact\index.html,33,html,4a052efa,Zihan Zhang,2026-04-03,20:08:29,-07:00,2026-04-03T20:08:29-07:00,0,5
contact\index.html,34,html,4a052efa,Zihan Zhang,2026-04-03,20:08:29,-07:00,2026-04-03T20:08:29-07:00,0,5
